Município;Estado;Apólices contratadas;Total de Importância segurada (R$ mil);Total de Subvenção (R$ mil);Apólices indenizadas;índice de sinistralidade;grupo;grupo5;mun;uf;;;
Abatiá;Paraná;40;3543216,6;134087,7;26;1,927124714;0;3;4100103;41;;;
Abelardo Luz;Santa Catarina;35;9921269,5;293272,8;0;0;3;1;4200101;42;;;
Aceguá;Rio Grande do Sul;24;7736747,9;263320,4;6;1,236324888;0;1;4300034;43;;;
Agrolândia;Santa Catarina;1;30399,6;1001,5;0;0;0;3;4200200;42;;;
Agronômica;Santa Catarina;2;12485,2;451,4;0;0;0;3;4200309;42;;;
Agudo;Rio Grande do Sul;1;163259,3;3034,3;0;0;0;3;4300109;43;;;
Agudos do Sul;Paraná;2;446127;23150,7;1;0,398234268;0;3;4100301;41;;;
Ajuricaba;Rio Grande do Sul;11;1621672,3;49894;1;0,038049147;0;3;4300208;43;;;
Alegrete;Rio Grande do Sul;31;16249783,5;389901,4;3;0,632829936;3;1;4300406;43;;;
Alegria;Rio Grande do Sul;3;276351,8;9485,9;1;0,040227542;0;3;4300455;43;;;
Alfredo Wagner;Santa Catarina;56;3930243;162278,1;1;0,00063197;0;3;4200705;42;;;
Almirante Tamandaré do Sul;Rio Grande do Sul;41;6498958,3;245622,4;4;0,053294277;0;1;4300471;43;;;
Alpestre;Rio Grande do Sul;45;2957567,7;83877,2;23;1,178638261;0;3;4300505;43;;;
Altamira do Paraná;Paraná;4;892341,3;24236,4;0;0;0;3;4100459;41;;;
Altaneira;-;2;184386,4;10786,7;1;1,10125072;0;3;0;-;;;
Alto Alegre;Rio Grande do Sul;2;122500;4883,5;1;0,155216157;0;3;4300554;43;;;
Alto Feliz;Rio Grande do Sul;18;1793409,8;42563,5;1;0,07224446;0;3;4300570;43;;;
Alto Paraná;Paraná;11;838298,6;29649,2;4;1,629100908;0;3;4100608;41;;;
Alto Paraíso;Paraná;2;154950,2;4062,8;2;4,352022507;0;3;4128625;41;;;
Alto Piquiri;Paraná;123;26855952,7;937429,4;65;2,799032329;3;4;4100707;41;;;
Alto Santa Fé;-;32;1791596,7;106858,1;20;1,69399042;0;3;0;-;;;
Altônia;Paraná;30;3660800,1;113039,7;7;0,804856222;0;3;4100509;41;;;
Alvorada do Sul;Paraná;177;22124663,6;853366,8;98;2,268822087;3;4;4100806;41;;;
Amaporã;Paraná;8;2880553,8;82277,3;6;2,337042437;0;3;4100905;41;;;
Amaral Ferrador;Rio Grande do Sul;2;292032;15758,8;1;0,390121532;0;3;4300638;43;;;
Ametista do Sul;Rio Grande do Sul;33;1788529,4;54672,1;17;1,496058235;0;3;4300646;43;;;
Ampére;Paraná;4;143553,5;7618,1;0;0;0;3;4101002;41;;;
Anahy;Paraná;20;1397943;75021,9;3;0,646353485;0;3;4101051;41;;;
Andirá;Paraná;222;17686043,2;751218,8;70;1,237115511;3;4;4101101;41;;;
André da Rocha;Rio Grande do Sul;25;5144842,5;194351,6;3;0,067332468;0;3;4300661;43;;;
Angelina;Santa Catarina;5;144020;6046,5;0;0;0;3;4200903;42;;;
Anita Garibaldi;Santa Catarina;1;45000;2117;0;0;0;3;4201000;42;;;
Anta Gorda;Rio Grande do Sul;3;331332,1;10522,8;0;0;0;3;4300703;43;;;
Antônio Olinto;Paraná;66;3743262,9;74387,5;0;0;0;3;4101309;41;;;
Antônio Prado;Rio Grande do Sul;272;23573477,2;908929,5;82;1,714939417;3;4;4300802;43;;;
Apucarana;Paraná;174;14670192,3;616027;40;0,58577082;3;1;4101408;41;;;
Aquidaban;-;1;36920;830,7;0;0;0;3;0;-;;;
Arambaré;Rio Grande do Sul;11;4167949,6;56129,4;0;0;0;3;4300851;43;;;
Arapongas;Paraná;278;20305893,6;868948,7;98;0,772229443;3;4;4101507;41;;;
Arapoti;Paraná;66;13603413,6;296731,3;1;0,052964958;3;1;4101606;41;;;
Arapuã;Paraná;83;7828173,4;233692,6;18;0,507926525;0;1;4101655;41;;;
Araquari;Santa Catarina;5;923505,8;13664,8;1;1,050536952;0;3;4201307;42;;;
Araranguá;Santa Catarina;16;2629663,4;31797,3;3;0,858271054;0;3;4201406;42;;;
Araruna;Paraná;119;21324633,4;577567,4;58;2,437193899;3;4;4101705;41;;;
Aratiba;Rio Grande do Sul;3;172001,8;6936,8;0;0;0;3;4300901;43;;;
Araucária;Paraná;18;1393071,9;59158;0;0;0;3;4101804;41;;;
Ariranha do Ivaí;Paraná;101;9656667,1;332551,5;22;0,770429499;3;1;4101853;41;;;
Arroio Grande;Rio Grande do Sul;28;16711817,1;339433,3;2;0,113523176;3;4;4301305;43;;;
Arroio Trinta;Santa Catarina;1;27600;2024,5;0;0;0;3;4201604;42;;;
Arroio dos Ratos;Rio Grande do Sul;1;351233,2;11806,7;0;0;0;3;4301107;43;;;
Arvorezinha;Rio Grande do Sul;1;80000,9;1944;0;0;0;3;4301404;43;;;
Assaí;Paraná;385;32758485;1293586,5;128;1,052150338;1;4;4101903;41;;;
Assis Chateaubriand;Paraná;446;53601520,4;1888659,1;177;1,479447783;1;0;4102000;41;;;
Astorga;Paraná;365;33798903,9;1285928,7;116;1,011474955;1;4;4102109;41;;;
Atalaia;Paraná;91;8921904,6;324759,7;49;2,036105071;0;1;4102208;41;;;
Atalanta;Santa Catarina;10;935021,5;39637,1;3;0,042763173;0;3;4201802;42;;;
Augusto Pestana;Rio Grande do Sul;25;1727611,3;78682,5;1;0,170849269;0;3;4301503;43;;;
Aurora;Santa Catarina;13;944001,6;38574,1;0;0;0;3;4201901;42;;;
Bagé;Rio Grande do Sul;33;12818733,3;357450;5;0,827744007;3;1;4301602;43;;;
Balsa Nova;Paraná;15;1258724,9;31839,4;0;0;0;3;4102307;41;;;
Bandeirantes;Paraná;217;19918178,2;745605,2;63;1,216643368;3;4;4102406;41;;;
Barbosa Ferraz;Paraná;147;14572624,9;441452,8;67;2,089976621;3;1;4102505;41;;;
Barra Funda;Rio Grande do Sul;4;106500;4098,5;1;0,843341349;0;3;4301958;43;;;
Barra do Guarita;Rio Grande do Sul;1;170842,1;4819,6;0;0;0;3;4301859;43;;;
Barra do Jacaré;Paraná;97;6886511,2;257454,3;57;1,76602549;0;1;4102703;41;;;
Barra do Quaraí;Rio Grande do Sul;13;6940490,9;96492,4;0;0;0;1;4301875;43;;;
Barra do Ribeiro;Rio Grande do Sul;4;2422722,1;24093,6;1;0,65455528;0;3;4301909;43;;;
Barracão;Paraná;41;3048958,3;75925,6;0;0;0;3;4102604;41;;;
Barro Preto;-;1;603354,2;15372,4;0;0;0;3;0;-;;;
Barro Vermelho;-;1;1603875;19928,2;0;0;0;3;0;-;;;
Barros Cassal;Rio Grande do Sul;6;809690,5;27290,8;0;0;0;3;4302006;43;;;
Barão de Cotegipe;Rio Grande do Sul;3;94425,8;3144,4;0;0;0;3;4301701;43;;;
Bela Vista da Caroba;Paraná;1;33542,6;1197,7;0;0;0;3;4102752;41;;;
Bela Vista do Paraíso;Paraná;125;16921948,6;650557;61;2,051512366;3;4;4102802;41;;;
Bela Vista do Toldo;Santa Catarina;41;2595810,5;63526,2;1;0,053087974;0;3;4202131;42;;;
Benjamin Constant do Sul;Rio Grande do Sul;1;3310072,4;14118,2;0;0;0;3;4302055;43;;;
Bento Gonçalves;Rio Grande do Sul;655;63579361,6;1639800,4;250;2,229533603;1;0;4302105;43;;;
Bituruna;Paraná;18;1118460,6;61114,4;2;0,219165817;0;3;4102901;41;;;
Boa Esperança;Paraná;131;20300365,5;560550,9;22;0,636228173;3;4;4103008;41;;;
Boa Esperança do Iguaçu;Paraná;6;193305,7;7819,9;0;0;0;3;4103024;41;;;
Boa Ventura de São Roque;Paraná;60;9670956,6;222687;1;0,308390115;3;1;4103040;41;;;
Boa Vista;-;4;242168,3;23531,9;0;0;0;3;0;-;;;
Boa Vista da Aparecida;Paraná;8;543159,7;16631,4;1;0,058186413;0;3;4103057;41;;;
Boa Vista das Missões;Rio Grande do Sul;8;1364641,2;68237,5;3;0,675127963;0;3;4302154;43;;;
Boa Vista do Cadeado;Rio Grande do Sul;92;21131094,3;732860,4;11;0,103356058;3;4;4302220;43;;;
Boa Vista do Incra;Rio Grande do Sul;57;16977734,1;505175,6;5;0,05596647;3;4;4302238;43;;;
Boa Vista do Sul;Rio Grande do Sul;7;313207,6;8858,1;0;0;0;3;4302253;43;;;
Bom Jardim da Serra;Santa Catarina;172;27109641,6;2184828,2;21;0,098199827;3;4;4202503;42;;;
Bom Jesus;Santa Catarina;75;52250813,3;2253865;24;0,620254888;1;0;4202537;42;;;
Bom Progresso;Rio Grande do Sul;4;138397,5;5886,7;1;1,534255793;0;3;4302378;43;;;
Bom Retiro;Santa Catarina;46;9320374,7;409688,4;9;1,22425419;3;1;4202602;42;;;
Bom Sucesso;Paraná;48;6512472,8;244495,4;17;1,572594017;0;1;4103206;41;;;
Bom Sucesso do Sul;Paraná;13;1674288,5;42133,5;2;0,797730194;0;3;4103222;41;;;
Borrazópolis;Paraná;112;8952685,1;361892,5;25;0,858308995;0;1;4103305;41;;;
Bossoroca;Rio Grande do Sul;15;3985965,1;143428,2;2;0,653132802;0;3;4302501;43;;;
Bozano;Rio Grande do Sul;21;2727247,1;86759,7;4;0,21389653;0;3;4302584;43;;;
Braga;Rio Grande do Sul;1;77600;3093,5;1;4,929321386;0;3;4302600;43;;;
Braganey;Paraná;71;9543088,1;424494;13;0,83616009;3;1;4103354;41;;;
Brasilândia do Sul;Paraná;83;17278795,7;594878,5;58;3,093768209;3;4;4103370;41;;;
Brunópolis;Santa Catarina;22;2439377,5;35997,3;2;0,102515414;0;3;4202875;42;;;
Buriti;-;3;283593,6;9711,7;0;0;0;3;0;-;;;
Butiá;Rio Grande do Sul;5;980387;34234,6;0;0;0;3;4302709;43;;;
Cacequi;Rio Grande do Sul;29;8753946;272908,6;1;0,085928286;0;1;4302907;43;;;
Cachoeira do Sul;Rio Grande do Sul;102;29350395,5;964387,5;16;0,232717156;3;4;4303004;43;;;
Cacique Doble;Rio Grande do Sul;10;882106,5;24670,2;0;0;0;3;4303202;43;;;
Cafeara;Paraná;45;2605631,9;92034;30;3,850644801;0;3;4103404;41;;;
Cafelândia;Paraná;167;20886282,5;728365;28;0,42985036;3;4;4103453;41;;;
Cafezal do Sul;Paraná;35;9765844,5;347748,4;23;3,563683651;3;1;4103479;41;;;
Caibaté;Rio Grande do Sul;4;469108,4;21637,6;0;0;0;3;4303301;43;;;
Caibi;Santa Catarina;1;94800;3154,8;0;0;0;3;4203105;42;;;
Califórnia;Paraná;59;5378079,9;176643,6;15;0,371015722;0;3;4103503;41;;;
Calmon;Santa Catarina;6;1531200,3;64897,4;0;0;0;3;4203154;42;;;
Camaquã;Rio Grande do Sul;24;9954754,4;134597;2;0,305615703;3;1;4303509;43;;;
Cambará;Paraná;178;12683443,7;527070,5;79;1,378662823;3;1;4103602;41;;;
Cambará do Sul;Rio Grande do Sul;3;1493969,1;92296,8;0;0;0;3;4303608;43;;;
Cambira;Paraná;77;3324952,3;162813,5;15;0,54834117;0;3;4103800;41;;;
Cambé;Paraná;259;24946169,5;1031470,2;77;0,953845675;3;4;4103701;41;;;
Campestre da Serra;Rio Grande do Sul;323;29815146;1180219,6;169;2,821039518;3;4;4303673;43;;;
Campina da Lagoa;Paraná;196;32016332,3;971170;43;0,774997432;1;4;4103909;41;;;
Campina das Missões;Rio Grande do Sul;1;20523,2;1400,1;0;0;0;3;4303707;43;;;
Campina do Simão;Paraná;8;2100533,4;86254,7;0;0;0;3;4103958;41;;;
Campinas do Sul;Rio Grande do Sul;1;13200;449,1;0;0;0;3;4303806;43;;;
Campo Alegre;Santa Catarina;3;80620;1041,1;0;0;0;3;4203303;42;;;
Campo Belo do Sul;Santa Catarina;12;3080088,1;76109,8;0;0;0;3;4203402;42;;;
Campo Bonito;Paraná;76;10056133,9;456454,6;16;0,710019213;3;1;4104055;41;;;
Campo Erê;Santa Catarina;17;3665448;124115,7;3;1,225571111;0;3;4203501;42;;;
Campo Largo;Paraná;14;1853762,5;83215,6;0;0;0;3;4104204;41;;;
Campo Mourão;Paraná;202;41309503,5;1059700,4;42;0,724617657;1;0;4104303;41;;;
Campo Novo;Rio Grande do Sul;14;2754438;107082,1;6;2,217132621;0;3;4304002;43;;;
Campo do Tenente;Paraná;14;10907366,8;459658;0;0;3;1;4104105;41;;;
Campos Borges;Rio Grande do Sul;3;702707,6;18294,6;1;0,249652919;0;3;4304101;43;;;
Campos Novos;Santa Catarina;78;22304348,6;217838,9;2;0,27339454;3;4;4203600;42;;;
Candelária;Rio Grande do Sul;9;1947751,7;60963,8;3;0,127222274;0;3;4304200;43;;;
Candiota;Rio Grande do Sul;13;6215655,4;175888,9;2;0,063694669;0;1;4304358;43;;;
Candói;Paraná;70;13134207,3;379327,2;6;0,603401143;3;1;4104428;41;;;
Canela;Rio Grande do Sul;1;934708;60737,3;0;0;0;3;4304408;43;;;
Canguçu;Rio Grande do Sul;8;2041312,4;58780,5;2;0,109280548;0;3;4304507;43;;;
Canoas;Rio Grande do Sul;2;2664350;28442;2;3,939342479;0;3;4304606;43;;;
Canoinhas;Santa Catarina;113;9399555,5;200779,7;1;0,04157763;3;1;4203808;42;;;
Cantagalo;Paraná;41;5458323,7;135748,8;4;0,045129219;0;3;4104451;41;;;
Capanema;Paraná;10;237933,1;10289,9;2;0,256633552;0;3;4104501;41;;;
Capané;-;1;501146,4;19800,3;1;0,518459934;0;3;0;-;;;
Capela de Santana;Rio Grande do Sul;3;1386441,5;23523,5;1;0,381605023;0;3;4304689;43;;;
Capinzal;Santa Catarina;6;515054,3;9914,2;0;0;0;3;4203907;42;;;
Capitão Leônidas Marques;Paraná;5;502453,7;27066,7;1;0,240468166;0;3;4104600;41;;;
Capivari de Baixo;Santa Catarina;7;7356180;91400,6;0;0;0;1;4203956;42;;;
Capivari do Sul;Rio Grande do Sul;11;7283255,6;132236,6;0;0;0;1;4304671;43;;;
Capão Alto;Santa Catarina;3;879579,9;34222,5;0;0;0;3;4203253;42;;;
Capão Bonito do Sul;Rio Grande do Sul;19;2859136,4;107228,1;2;0,118291196;0;3;4304622;43;;;
Capão da Porteira;-;8;4735900;50555,8;0;0;0;3;0;-;;;
Capão do Cipó;Rio Grande do Sul;44;13425381,6;460394,9;1;0,008674767;3;1;4304655;43;;;
Capão do Leão;Rio Grande do Sul;8;4047347,5;117818,7;0;0;0;3;4304663;43;;;
Carajá;-;1;188758,4;4671,8;1;1,864530857;0;3;0;-;;;
Carambeí;Paraná;96;15918502,8;340603,1;0;0;3;1;4104659;41;;;
Carazinho;Rio Grande do Sul;94;26771199,2;848826;18;0,1565521;3;4;4304705;43;;;
Carlos Barbosa;Rio Grande do Sul;12;629370,3;14994;5;4,138136255;0;3;4304804;43;;;
Carlópolis;Paraná;20;2026524,1;67932,2;11;3,505675333;0;3;4104709;41;;;
Casca;Rio Grande do Sul;14;442993,3;20440,4;3;0,273599475;0;3;4304903;43;;;
Cascata;-;1;168432;4494,6;0;0;0;3;0;-;;;
Cascavel;Paraná;426;53362048,8;2115695,1;58;0,331500576;1;0;4104808;41;;;
Caseiros;Rio Grande do Sul;14;3315273,5;167435,6;2;0,58800024;0;3;4304952;43;;;
Castro;Paraná;92;18835864,4;470359,7;1;0,030528282;3;4;4104907;41;;;
Catanduvas;Paraná;48;7406744,9;243169,2;8;0,211427125;0;1;4105003;41;;;
Catuípe;Rio Grande do Sul;24;6126179,3;201101,2;3;0,135524986;0;1;4305009;43;;;
Caxias do Sul;Rio Grande do Sul;298;32251993,7;1277429,2;58;0,708549655;1;4;4305108;43;;;
Caçador;Santa Catarina;91;11636519,7;526329,9;27;0,445444959;3;1;4203006;42;;;
Caçapava do Sul;Rio Grande do Sul;24;4336120,5;149905,5;6;0,366481082;0;3;4302808;43;;;
Cedro;-;1;119801,2;2965,1;0;0;0;3;0;-;;;
Celso Ramos;Santa Catarina;1;36000;2206,3;0;0;0;3;4204152;42;;;
Centenário do Sul;Paraná;91;8732456,5;314675,8;60;3,835970881;0;1;4105102;41;;;
Cerrito;Rio Grande do Sul;5;361590;10946;0;0;0;3;4305124;43;;;
Cerro Azul;Paraná;3;535800;18010,9;0;0;0;3;4105201;41;;;
Cerro Grande;Rio Grande do Sul;1;217369,2;5803,8;0;0;0;3;4305157;43;;;
Cerro Largo;Rio Grande do Sul;1;57246;4379,3;0;0;0;3;4305207;43;;;
Chapada;Rio Grande do Sul;18;1224014;53266,2;3;0,14984348;0;3;4305306;43;;;
Chapadão do Lageado;Santa Catarina;6;380000,4;15579,5;0;0;0;3;4204194;42;;;
Chapecó;Santa Catarina;7;1000229;46454,9;0;0;0;3;4204202;42;;;
Charqueadas;Rio Grande do Sul;7;1578463,8;40140,8;0;0;0;3;4305355;43;;;
Charrua;Rio Grande do Sul;6;284117,6;12321,3;0;0;0;3;4305371;43;;;
Chiapetta;Rio Grande do Sul;24;3956713;158614,4;11;0,877795882;0;3;4305405;43;;;
Chopinzinho;Paraná;43;5716296;144209,3;1;0,40251485;0;1;4105409;41;;;
Cianorte;Paraná;78;10804147,2;330951,7;39;3,57766124;3;1;4105508;41;;;
Ciríaco;Rio Grande do Sul;19;2579814,4;88789;0;0;0;3;4305504;43;;;
Clevelândia;Paraná;20;5085049;151607,4;2;0,339021188;0;3;4105706;41;;;
Colorado;Paraná;73;7652549,9;283899;28;2,111928004;0;1;4105904;41;;;
Colônia Cachoeira;-;2;50000;1777,5;0;0;0;3;0;-;;;
Colônia Centenário;-;1;17422,6;1193,3;0;0;0;3;0;-;;;
Colônia Jordãozinho;-;2;487500;17330,6;1;0,076689387;0;3;0;-;;;
Colônia Melissa;-;1;109632,4;2713,4;0;0;0;3;0;-;;;
Colônia Socorro;-;2;136000;4420,1;0;0;0;3;0;-;;;
Colônia Vitória;-;2;405000;13764,2;0;0;0;3;0;-;;;
Colônia Z-3;-;1;620712;31904,6;0;0;0;3;0;-;;;
Concórdia;Santa Catarina;1;60000;1393,2;1;0,032299742;0;3;4204301;42;;;
Concórdia do Oeste;-;5;119236,7;7316,1;0;0;0;3;0;-;;;
Condor;Rio Grande do Sul;38;11722508,2;445061,1;3;0,169484811;3;1;4305702;43;;;
Congonhinhas;Paraná;82;9951142,5;423284,1;63;3,164438956;3;1;4106001;41;;;
Conselheiro Mairinck;Paraná;15;4600552,8;108163,8;10;2,603235917;0;3;4106100;41;;;
Constantina;Rio Grande do Sul;7;421268;15569,7;1;1,412791327;0;3;4305801;43;;;
Contenda;Paraná;9;793366,9;19322,1;0;0;0;3;4106209;41;;;
Coqueiros do Sul;Rio Grande do Sul;49;6003835,3;199605,5;4;0,048149431;0;1;4305850;43;;;
Corbélia;Paraná;159;17121269,9;655337,3;23;0,362805505;3;4;4106308;41;;;
Cordilheira;-;1;2275000;24285,6;0;0;0;3;0;-;;;
Cornélio Procópio;Paraná;196;23512935,5;978941,2;100;1,375242222;3;4;4106407;41;;;
Coronel Barros;Rio Grande do Sul;1;63108,5;1694,5;0;0;0;3;4305871;43;;;
Coronel Bicaco;Rio Grande do Sul;39;7628724;265448,4;13;0,578719542;0;1;4305900;43;;;
Coronel Domingos Soares;Paraná;34;14305268,9;330230,4;0;0;3;1;4106456;41;;;
Coronel Freitas;Santa Catarina;2;263146,8;9396,1;0;0;0;3;4204400;42;;;
Coronel Martins;Santa Catarina;9;699326,8;20804,7;0;0;0;3;4204459;42;;;
Coronel Pilar;Rio Grande do Sul;62;5390218,5;142005,4;2;0,07622346;0;3;4305934;43;;;
Coronel Vivida;Paraná;60;7273784;188527,9;10;1,066425618;0;1;4106506;41;;;
Correia Pinto;Santa Catarina;4;2492450;118143,4;2;1,665713799;0;3;4204558;42;;;
Correia de Freitas;-;1;14937,6;947,4;0;0;0;3;0;-;;;
Corumbataí do Sul;Paraná;22;2695469;80371,1;7;1,339698657;0;3;4106555;41;;;
Cotiporã;Rio Grande do Sul;222;18677995,4;483283,3;58;0,709452663;3;4;4305959;43;;;
Coxilha;Rio Grande do Sul;43;8186714,6;220401,9;0;0;0;1;4305975;43;;;
Criciúma;Santa Catarina;3;509795;5292;0;0;0;3;4204608;42;;;
Crissiumal;Rio Grande do Sul;2;289850;10304,1;1;3,231709181;0;3;4306007;43;;;
Cristal;Rio Grande do Sul;6;3472726,6;72339,2;0;0;0;3;4306056;43;;;
Criúva;-;73;5983819;224526,1;63;5,229107263;0;1;0;-;;;
Cruz Alta;Rio Grande do Sul;169;46675516,7;1569998,7;27;0,17887543;1;0;4306106;43;;;
Cruz Machado;Paraná;2;108233,2;3418,1;0;0;0;3;4106803;41;;;
Cruzaltense;Rio Grande do Sul;1;66881,2;5417,4;1;1,538459622;0;3;4306130;43;;;
Cruzeiro do Iguaçu;Paraná;4;839138,4;47902,9;1;0,17366786;0;3;4106571;41;;;
Cruzeiro do Oeste;Paraná;19;4405453,5;112923;8;1,1623491;0;3;4106605;41;;;
Cruzeiro do Sul;Paraná;51;7807382,6;254311,1;29;2,075570151;0;1;4106704;41;;;
Cruzmaltina;Paraná;63;7046446,2;274115,8;18;1,50019534;0;1;4106852;41;;;
Cunha Porã;Santa Catarina;2;299695,8;10701,1;0;0;0;3;4204707;42;;;
Curitibanos;Santa Catarina;28;2749010;30587,8;0;0;0;3;4204806;42;;;
Curiúva;Paraná;59;12418251,4;114668,2;7;0,235250545;3;1;4107009;41;;;
Cândido Godói;Rio Grande do Sul;1;10231,9;523,8;0;0;0;3;4304309;43;;;
Cândido de Abreu;Paraná;67;10300062,3;317279,8;33;2,40060475;3;1;4104402;41;;;
Céu Azul;Paraná;105;11872150,3;482865,6;21;0,440313471;3;1;4105300;41;;;
David Canabarro;Rio Grande do Sul;1;27750;678,1;0;0;0;3;4306304;43;;;
Derrubadas;Rio Grande do Sul;3;397046,6;14172,4;1;2,984505083;0;3;4306320;43;;;
Descanso;Santa Catarina;1;12000;614;0;0;0;3;4204905;42;;;
Dez de Maio;-;3;161135,5;5260;3;2,667435511;0;3;0;-;;;
Diamante d'Oeste;Paraná;23;2311994;99550,3;8;1,0167806;0;3;4107157;41;;;
Diamante do Norte;Paraná;1;88515,8;5281,7;1;4,003552806;0;3;4107108;41;;;
Diamante do Sul;Paraná;4;156303,1;8527,6;0;0;0;3;4107124;41;;;
Dilermando de Aguiar;Rio Grande do Sul;21;3880006,4;104161,2;2;2,077971148;0;3;4306379;43;;;
Dionísio Cerqueira;Santa Catarina;4;418247,6;25274,8;2;1,081042331;0;3;4205001;42;;;
Dois Irmãos;Rio Grande do Sul;3;181563,9;8640,5;1;0,174475288;0;3;4306403;43;;;
Dois Irmãos das Missões;Rio Grande do Sul;7;2496397;110472,9;1;0,411838203;0;3;4306429;43;;;
Dois Lajeados;Rio Grande do Sul;140;12753407;375552,7;69;0,723741894;3;1;4306452;43;;;
Dois Vizinhos;Paraná;12;1131360,6;24245,3;0;0;0;3;4107207;41;;;
Dom Feliciano;Rio Grande do Sul;3;1061041,8;37273,5;0;0;0;3;4306502;43;;;
Dom Pedrito;Rio Grande do Sul;29;11557981;344816,3;4;1,224139477;3;1;4306601;43;;;
Dom Pedro de Alcântara;Rio Grande do Sul;1;36800;392,8;0;0;0;3;4306551;43;;;
Dona Francisca;Rio Grande do Sul;3;605850;8154;1;0,052934722;0;3;4306700;43;;;
Douradina;Paraná;4;1050324,5;29866,5;0;0;0;3;4107256;41;;;
Doutor Camargo;Paraná;85;5140641,2;199229,9;30;1,279837666;0;3;4107306;41;;;
Doutor Maurício Cardoso;Rio Grande do Sul;6;310076,8;11332,2;0;0;0;3;4306734;43;;;
Doutor Ulysses;Paraná;2;877493,4;17710,9;0;0;0;3;4128633;41;;;
Eldorado do Sul;Rio Grande do Sul;18;9324084,6;114350,3;1;0,647321903;3;1;4306767;43;;;
Encruzilhada do Sul;Rio Grande do Sul;42;13200579,7;405930,2;9;0,213937443;3;1;4306908;43;;;
Engenheiro Beltrão;Paraná;390;42928627,3;1345019,3;242;2,861392372;1;0;4107504;41;;;
Engenho Velho;Rio Grande do Sul;2;77937,9;5147,8;1;2,567461552;0;3;4306924;43;;;
Entre Rios;Santa Catarina;7;3604718,6;99564,6;1;0,153217153;0;3;4205175;42;;;
Entre Rios do Oeste;Paraná;39;2323022,4;105684,7;10;0,436896701;0;3;4107538;41;;;
Entre Rios do Sul;Rio Grande do Sul;1;33943,3;2324,8;0;0;0;3;4306957;43;;;
Entre-Ijuís;Rio Grande do Sul;19;4920674,9;186586,6;2;0,012431523;0;3;4306932;43;;;
Enéas Marques;Paraná;1;33600;1058,4;0;0;0;3;4107405;41;;;
Erebango;Rio Grande do Sul;7;477120,5;16585,2;1;0,14952613;0;3;4306973;43;;;
Erechim;Rio Grande do Sul;8;997358,6;31345;1;0,339947412;0;3;4307005;43;;;
Ermo;Santa Catarina;34;3571963,8;41780,7;2;0,051679765;0;3;4205191;42;;;
Ernestina;Rio Grande do Sul;33;3349213,3;112779;4;0,248665537;0;3;4307054;43;;;
Erval Seco;Rio Grande do Sul;5;1209548,7;50936,9;1;1,474701378;0;3;4307302;43;;;
Erval Velho;Santa Catarina;1;312000;4029,2;0;0;0;3;4205209;42;;;
Esmeralda;Rio Grande do Sul;38;8439521,5;261283,4;1;0,064221166;0;1;4307401;43;;;
Esperança do Sul;Rio Grande do Sul;1;171900;6138;0;0;0;3;4307450;43;;;
Espigão Alto do Iguaçu;Paraná;11;1782614,2;56775,4;1;0,524066532;0;3;4107546;41;;;
Espumoso;Rio Grande do Sul;51;10025317,5;324922,4;13;0,317469172;3;1;4307500;43;;;
Espírito Santo;-;4;486040,4;17672,4;0;0;0;3;0;-;;;
Estação;Rio Grande do Sul;14;588990,4;20884,5;2;0,611750369;0;3;4307559;43;;;
Estrela;Rio Grande do Sul;1;20000;465;1;0,428529953;0;3;4307807;43;;;
Estrela Velha;Rio Grande do Sul;3;1175119,2;25338,4;0;0;0;3;4307815;43;;;
Eugênio de Castro;Rio Grande do Sul;30;11241934;381717,6;7;0,894446097;3;1;4307831;43;;;
Fagundes Varela;Rio Grande do Sul;77;7246864,8;211601,8;7;0,518105951;0;1;4307864;43;;;
Faria Lemos;-;14;1452385,7;33824,4;7;0,936940485;0;3;0;-;;;
Farol;Paraná;102;23149527,6;563685,8;41;1,617046173;3;4;4107553;41;;;
Farroupilha;Rio Grande do Sul;703;63938585,1;2311918,6;307;3,321671886;1;0;4307906;43;;;
Faxinal;Paraná;84;23106646,9;655607,6;18;0,89877992;3;4;4107603;41;;;
Faxinal do Soturno;Rio Grande do Sul;2;713148;8500,2;0;0;0;3;4308003;43;;;
Faxinal dos Guedes;Santa Catarina;5;862240,2;27307,9;0;0;0;3;4205308;42;;;
Fazenda Souza;-;265;22719910,4;993386,5;68;1,082975402;3;4;0;-;;;
Fazenda Vilanova;Rio Grande do Sul;2;260931,7;7742,5;0;0;0;3;4308078;43;;;
Feliz;Rio Grande do Sul;4;515406,9;18040,8;0;0;0;3;4308102;43;;;
Fernandes Pinheiro;Paraná;7;759254,4;19438,2;1;0,363666376;0;3;4107736;41;;;
Figueira;Paraná;8;849184,8;18986,9;1;1,081150517;0;3;4107751;41;;;
Flor da Serra do Sul;Paraná;3;143665,7;4096,6;0;0;0;3;4107850;41;;;
Floraí;Paraná;86;12243946,6;482288,1;43;1,397313693;3;1;4107801;41;;;
Flores da Cunha;Rio Grande do Sul;918;87323058,9;2909516,1;771;5,723073537;1;0;4308201;43;;;
Floresta;Paraná;75;6781086,5;256306,4;26;1,022012208;0;1;4107900;41;;;
Florestópolis;Paraná;43;9189025;408355,4;25;1,857749624;0;1;4108007;41;;;
Floriano Peixoto;Rio Grande do Sul;18;795318,8;27080,5;6;1,30231493;0;3;4308250;43;;;
Flórida;Paraná;50;5938796,5;225412,4;32;2,684185284;0;1;4108106;41;;;
Fontoura Xavier;Rio Grande do Sul;4;989532;34311,3;0;0;0;3;4308300;43;;;
Formigueiro;Rio Grande do Sul;5;1200593,1;35961,7;0;0;0;3;4308409;43;;;
Formosa do Oeste;Paraná;217;17698201;653939,5;127;1,800686526;3;4;4108205;41;;;
Forquilhinha;Santa Catarina;162;29105606,5;312693,5;8;0,056779479;3;4;4205456;42;;;
Fortaleza dos Valos;Rio Grande do Sul;44;7961614,4;249452,6;5;0,206757701;0;1;4308458;43;;;
Foz do Iguaçu;Paraná;73;12712825,7;417377;25;1,71050511;3;1;4108304;41;;;
Foz do Jordão;Paraná;21;4150672,8;142220,8;0;0;0;3;4108452;41;;;
Fraiburgo;Santa Catarina;75;29124128,4;1510852,6;11;0,168500511;3;4;4205506;42;;;
Francisco Alves;Paraná;49;11234456,5;456096;37;3,718687269;3;1;4108320;41;;;
Francisco Beltrão;Paraná;4;515678,9;15229,6;0;0;0;3;4108403;41;;;
Frederico Westphalen;Rio Grande do Sul;7;593780;16318,4;1;0,04205641;0;3;4308508;43;;;
Frei Rogério;Santa Catarina;9;947940;22271,3;1;0,034579641;0;3;4205555;42;;;
Fênix;Paraná;126;18959482,4;582018,4;70;2,595688777;3;4;4107702;41;;;
Galvão;Santa Catarina;8;2101382;53437,8;1;0,059372432;0;3;4205605;42;;;
Garibaldi;Rio Grande do Sul;279;27541885,8;806244,4;18;0,056034985;3;4;4308607;43;;;
Garruchos;Rio Grande do Sul;20;4587821;165332,3;1;0,019544235;0;3;4308656;43;;;
Gaspar;Santa Catarina;13;1746568,4;22655,3;0;0;0;3;4205902;42;;;
Gaurama;Rio Grande do Sul;1;169200;6632,7;0;0;0;3;4308706;43;;;
General Carneiro;Paraná;2;1425600;10381,8;0;0;0;3;4108502;41;;;
General Câmara;Rio Grande do Sul;15;3700234,6;60824,6;6;1,636655761;0;3;4308805;43;;;
Gentil;Rio Grande do Sul;8;389266,8;16432;1;0,532991316;0;3;4308854;43;;;
Getúlio Vargas;Rio Grande do Sul;18;1553504,9;56728,4;1;0,082317496;0;3;4308904;43;;;
Giruá;Rio Grande do Sul;46;7726257,5;327891,8;5;0,139927434;0;1;4309001;43;;;
Glorinha;Rio Grande do Sul;1;330000;4250,4;0;0;0;3;4309050;43;;;
Glória;-;3;238550;2546,6;0;0;0;3;0;-;;;
Godoy Moreira;Paraná;18;1130564,7;33054,2;3;0,467047149;0;3;4108551;41;;;
Goioerê;Paraná;171;37040518,8;1326166,3;90;1,965980707;1;4;4108601;41;;;
Goioxim;Paraná;20;4456754,6;113345,1;6;0,64162656;0;3;4108650;41;;;
Gramado;Rio Grande do Sul;1;42680;2106,9;0;0;0;3;4309100;43;;;
Gramado Xavier;Rio Grande do Sul;1;153216;5047,9;0;0;0;3;4309159;43;;;
Gramado dos Loureiros;Rio Grande do Sul;1;60000;2177,6;0;0;0;3;4309126;43;;;
Grandes Rios;Paraná;19;2449389,6;78280,4;5;2,19479647;0;3;4108700;41;;;
Gravataí;Rio Grande do Sul;1;229098;6502;0;0;0;3;4309209;43;;;
Guabiju;Rio Grande do Sul;16;1581815,1;51499,7;0;0;0;3;4309258;43;;;
Guaiporã;-;1;185048,8;6413,3;1;1,068300624;0;3;0;-;;;
Guairacá;-;1;51135,1;3130;1;4,62165737;0;3;0;-;;;
Guajuvira;-;1;204486;10554,6;0;0;0;3;0;-;;;
Guamiranga;Paraná;1;77440;1197,9;0;0;0;3;4108957;41;;;
Guapirama;Paraná;8;1761129,5;64964,4;5;2,189114566;0;3;4109005;41;;;
Guaporema;Paraná;6;678634,1;17930,7;2;5,003307743;0;3;4109104;41;;;
Guaporé;Rio Grande do Sul;57;4354702,3;126259,1;3;0,035901885;0;3;4309407;43;;;
Guaraci;Paraná;28;4030136,1;149817,1;15;2,116437166;0;3;4109203;41;;;
Guaraciaba;Santa Catarina;1;272984,4;10552,2;0;0;0;3;4206405;42;;;
Guaragi;-;2;137942;9599;0;0;0;3;0;-;;;
Guaramirim;Santa Catarina;2;223262,6;2951,3;0;0;0;3;4206504;42;;;
Guaraniaçu;Paraná;37;3927478;132331,1;10;1,286768107;0;3;4109302;41;;;
Guarapuava;Paraná;68;19488639,3;471573,4;2;0,103686195;3;4;4109401;41;;;
Guaravera;-;11;772184,5;46893;5;1,082511089;0;3;0;-;;;
Guaíba;Rio Grande do Sul;7;4825350;47215,4;0;0;0;3;4309308;43;;;
Guaíra;Paraná;96;15515239,6;614880,8;34;0,959156842;3;1;4108809;41;;;
Herval;Rio Grande do Sul;5;1278667;43759,6;0;0;0;3;4307104;43;;;
Honório Serpa;Paraná;49;13394754,2;349033;2;0,065094008;3;1;4109658;41;;;
Horizontina;Rio Grande do Sul;6;228021;8849,7;0;0;0;3;4309605;43;;;
Hulha Negra;Rio Grande do Sul;30;4740110,4;146462,9;3;0,499807278;0;3;4309654;43;;;
Humaitá;Rio Grande do Sul;7;850822,1;46685,1;1;0,064619246;0;3;4309704;43;;;
Ibaiti;Paraná;50;9166350,1;344024,2;27;3,05853473;0;1;4109708;41;;;
Ibema;Paraná;20;2956920,2;100541,3;1;0,569479935;0;3;4109757;41;;;
Ibiam;Santa Catarina;6;323425;21213,7;0;0;0;3;4206751;42;;;
Ibiaçá;Rio Grande do Sul;13;2195766;65303,6;0;0;0;3;4309803;43;;;
Ibiporã;Paraná;116;10320549,1;393440,8;44;1,01182419;3;1;4109807;41;;;
Ibiraiaras;Rio Grande do Sul;19;1232127,9;41761,6;2;0,056506441;0;3;4309902;43;;;
Ibirapuitã;Rio Grande do Sul;16;1619115,7;54124,8;4;0,136557053;0;3;4309951;43;;;
Ibirubá;Rio Grande do Sul;28;6169143,2;186717;6;0,384892725;0;1;4310009;43;;;
Icaraíma;Paraná;4;1193347,5;45787,6;1;0,000978757;0;3;4109906;41;;;
Iguaraçu;Paraná;83;11673411,7;510552,9;43;1,937217211;3;1;4110003;41;;;
Iguatu;Paraná;17;2181374,8;83619,8;5;2,008824146;0;3;4110052;41;;;
Ijuí;Rio Grande do Sul;25;2393947,9;73358,4;7;0,365369686;0;3;4310207;43;;;
Ilhota;Santa Catarina;9;846449,9;12043,7;1;3,727708939;0;3;4207106;42;;;
Imaruí;Santa Catarina;6;4259852,3;57778,7;0;0;0;3;4207205;42;;;
Imbaú;Paraná;5;1250377;23650,8;0;0;0;3;4110078;41;;;
Imbituba;Santa Catarina;4;3178195,5;40862,2;0;0;0;3;4207304;42;;;
Imbituva;Paraná;16;2296148,9;62772,5;1;0,435234692;0;3;4110102;41;;;
Imbuia;Santa Catarina;83;8952445,3;380277,4;24;0,907521565;0;1;4207403;42;;;
Inajá;Paraná;1;1274910;36653,6;1;0,782739367;0;3;4110300;41;;;
Independência;Rio Grande do Sul;32;4175586,9;103816,2;7;0,843298011;0;3;4310405;43;;;
Indianópolis;Paraná;8;577923,3;19880,6;2;0,678417268;0;3;4110409;41;;;
Inhacorá;Rio Grande do Sul;5;360670,3;16982,8;1;0,166068745;0;3;4310413;43;;;
Inácio Martins;Paraná;3;486636,3;11964,5;0;0;0;3;4110201;41;;;
Iomerê;Santa Catarina;7;230680;13557,9;0;0;0;3;4207577;42;;;
Ipiranga;Paraná;37;5639566,4;163005,5;1;0,102140724;0;1;4110508;41;;;
Ipiranga do Sul;Rio Grande do Sul;9;450937,1;16171,7;1;0,102968539;0;3;4310462;43;;;
Iporã;Paraná;85;15374436,3;558643,9;55;3,436943734;3;1;4110607;41;;;
Ipuaçu;Santa Catarina;15;3576575,8;94146,7;0;0;0;3;4207684;42;;;
Ipê;Rio Grande do Sul;123;13721673,1;580729,7;15;0,622185501;3;1;4310439;43;;;
Iracema do Oeste;Paraná;58;5845924;255118,1;23;1,046859327;0;1;4110656;41;;;
Iraceminha;Santa Catarina;9;369010;17269,7;0;0;0;3;4207759;42;;;
Irani;Santa Catarina;3;2057288,4;69140,2;0;0;0;3;4207809;42;;;
Irati;Paraná;22;2366100,4;54758,6;0;0;0;3;4110706;41;;;
Iraí;Rio Grande do Sul;3;121269;2920;0;0;0;3;4310504;43;;;
Irerê;-;6;262889,9;10013;3;1,851936075;0;3;0;-;;;
Iretama;Paraná;54;8124909,6;195895,2;13;0,973253639;0;1;4110805;41;;;
Irineópolis;Santa Catarina;32;2744926,9;59543,2;0;0;0;3;4207908;42;;;
Itaara;Rio Grande do Sul;5;635308,9;21712;0;0;0;3;4310538;43;;;
Itacurubi;Rio Grande do Sul;8;2127306,5;61128,7;3;0,669597308;0;3;4310553;43;;;
Itaguajé;Paraná;19;1661858,5;63401,3;11;3,73363618;0;3;4110904;41;;;
Itaipulândia;Paraná;53;9935514;305379,4;38;3,867018784;3;1;4110953;41;;;
Itaiópolis;Santa Catarina;77;3541113,4;48487,7;1;0,015372813;0;3;4208104;42;;;
Itambaracá;Paraná;115;11491009,9;486126,5;24;0,590310379;3;1;4111001;41;;;
Itambé;Paraná;84;16892581,3;633617,5;31;1,17390196;3;4;4111100;41;;;
Itapejara d'Oeste;Paraná;16;1708203,8;49497,4;6;2,248009076;0;3;4111209;41;;;
Itapuca;Rio Grande do Sul;2;90308,9;4835,4;0;0;0;3;4310579;43;;;
Itaqui;Rio Grande do Sul;51;21881361,8;608496;3;0,558882645;3;4;4310603;43;;;
Ituporanga;Santa Catarina;162;20547709,8;841533,6;6;0,205868821;3;4;4208500;42;;;
Ivailândia;-;2;22994,9;1124,5;1;1,941094081;0;3;0;-;;;
Ivaiporã;Paraná;222;17375541,1;596895,5;43;0,624547697;3;4;4111506;41;;;
Ivatuba;Paraná;60;8505880,8;295368,5;22;1,535892693;0;1;4111605;41;;;
Ivaté;Paraná;2;323865,4;13910;2;2,145844521;0;3;4111555;41;;;
Ivaí;Paraná;45;3803439,7;98333,6;14;1,330203898;0;3;4111407;41;;;
Ivorá;Rio Grande do Sul;1;31500,3;1138,3;0;0;0;3;4310751;43;;;
Içara;Santa Catarina;1;85000;877,6;0;0;0;3;4207007;42;;;
Jaborá;Santa Catarina;4;223802,5;7991,2;0;0;0;3;4208609;42;;;
Jaboti;Paraná;6;279308,5;10838,2;4;1,742965451;0;3;4111704;41;;;
Jaboticaba;Rio Grande do Sul;1;23399,8;1451;0;0;0;3;4310850;43;;;
Jacarezinho;Paraná;23;8281081,7;190979,1;8;0,991296685;0;1;4111803;41;;;
Jacinto Machado;Santa Catarina;155;13166774,7;166841,2;36;0,921095754;3;1;4208708;42;;;
Jacuizinho;Rio Grande do Sul;11;2059596,2;80457;1;0,097490236;0;3;4310876;43;;;
Jacutinga;Rio Grande do Sul;3;1332037,5;36758,8;0;0;0;3;4310900;43;;;
Jaguapitã;Paraná;69;11274396,3;357246;21;0,855687438;3;1;4111902;41;;;
Jaguari;Rio Grande do Sul;1;122103;4395,7;0;0;0;3;4311106;43;;;
Jaguariaíva;Paraná;41;9992020,8;264339,9;1;0,440962675;3;1;4112009;41;;;
Jaguaruna;Santa Catarina;1;331124,2;4808,5;0;0;0;3;4208807;42;;;
Jaguarão;Rio Grande do Sul;37;14475649,3;359338,1;5;0,043302848;3;1;4311007;43;;;
Jandaia do Sul;Paraná;34;1939473,9;74095,4;13;0,835760237;0;3;4112108;41;;;
Jangada do Sul;-;1;120400;4047,3;0;0;0;3;0;-;;;
Janiópolis;Paraná;151;20202361;611364,9;56;1,358681346;3;4;4112207;41;;;
Jansen;-;22;2131424,6;112419;11;1,596776957;0;3;0;-;;;
Japira;Paraná;19;1773477,8;67366,7;1;3,074843842;0;3;4112306;41;;;
Japurá;Paraná;35;4249278,8;155753,5;17;1,50042231;0;3;4112405;41;;;
Jaquirana;Rio Grande do Sul;4;1566288,7;102482,9;0;0;0;3;4311122;43;;;
Jardim Alegre;Paraná;110;7943491,8;273640,2;23;1,114108391;0;1;4112504;41;;;
Jardim Olinda;Paraná;13;2271013,3;85586,4;7;1,839308445;0;3;4112603;41;;;
Jari;Rio Grande do Sul;41;11236715,5;382765,9;6;0,073782241;3;1;4311130;43;;;
Jataizinho;Paraná;72;5427468,5;237596,4;33;1,754027413;0;3;4112702;41;;;
Jesuítas;Paraná;232;17632278,9;626871;106;1,469591186;3;4;4112751;41;;;
Joaquim Távora;Paraná;10;1237671,6;37887;4;2,46249488;0;3;4112801;41;;;
Joaçaba;Santa Catarina;2;31576,7;1631;1;0,503579585;0;3;4209003;42;;;
Joinville;Santa Catarina;1;33900;462,7;0;0;0;3;4209102;42;;;
José Boiteux;Santa Catarina;1;24000;1123,2;0;0;0;3;4209151;42;;;
Jundiaí do Sul;Paraná;24;5873071,8;247266,4;12;1,500557393;0;1;4112900;41;;;
Jupiá;Santa Catarina;7;300372,5;10728,2;1;0,079678546;0;3;4209177;42;;;
Juranda;Paraná;119;18147333,1;629634,4;26;0,826481093;3;4;4112959;41;;;
Jussara;Paraná;121;8678370,7;338242,5;76;2,682903265;0;1;4113007;41;;;
Juvinópolis;-;2;355515,9;10103,7;0;0;0;3;0;-;;;
Jóia;Rio Grande do Sul;69;21457711,8;692068,3;4;0,083535925;3;4;4311155;43;;;
Júlio de Castilhos;Rio Grande do Sul;133;28727889,4;991613,4;27;0,215536904;3;4;4311205;43;;;
Kaloré;Paraná;133;8671507,5;372239,5;50;0,869041624;0;1;4113106;41;;;
Lages;Santa Catarina;4;2142484,2;103887,8;1;0,126929941;0;3;4209300;42;;;
Lagoa Vermelha;Rio Grande do Sul;66;11920192,7;460470,5;1;0,011481923;3;1;4311304;43;;;
Lagoa dos Três Cantos;Rio Grande do Sul;35;3030497,5;103331,3;9;0,523941386;0;3;4311270;43;;;
Lagoão;Rio Grande do Sul;1;297001,2;7992,3;1;1,003344463;0;3;4311254;43;;;
Lajeado Grande;Santa Catarina;2;217072,2;7713,9;0;0;0;3;4209458;42;;;
Lajeado do Bugre;Rio Grande do Sul;2;246839,4;8883,4;0;0;0;3;4311429;43;;;
Lapa;Paraná;98;17268511,3;514694,5;9;0,19378359;3;4;4113205;41;;;
Laranjal;Paraná;6;1722604,9;47337,6;2;1,091543506;0;3;4113254;41;;;
Laranjeiras do Sul;Paraná;29;4214615,9;93438,6;1;0,048726939;0;3;4113304;41;;;
Lavras do Sul;Rio Grande do Sul;37;10003199,1;288145;11;0,411388094;3;1;4311502;43;;;
Lebon Régis;Santa Catarina;65;13935208,9;555557,3;7;0,116445271;3;1;4209706;42;;;
Leoberto Leal;Santa Catarina;5;125005,5;5312,5;0;0;0;3;4209805;42;;;
Lerroville;-;5;252614,3;14381,1;0;0;0;3;0;-;;;
Leópolis;Paraná;100;13604848,2;514612,6;42;1,058626237;3;1;4113403;41;;;
Liberato Salzano;Rio Grande do Sul;9;685990;26270,2;4;0,799961928;0;3;4311601;43;;;
Lidianópolis;Paraná;41;3390469,1;135541,3;5;0,114754538;0;3;4113429;41;;;
Lindoeste;Paraná;21;3983083,3;152431,5;3;0,228512652;0;3;4113452;41;;;
Linha Nova;Rio Grande do Sul;1;60000;1439,2;0;0;0;3;4311643;43;;;
Loanda;Paraná;18;2338359,7;112231,3;10;0,993487646;0;3;4113502;41;;;
Lobato;Paraná;151;15551071,5;594070,4;90;2,511108172;3;1;4113601;41;;;
Londrina;Paraná;431;45589503,8;1876542,2;142;1,094439065;1;0;4113700;41;;;
Luiz Alves;Santa Catarina;1;58000;897,2;0;0;0;3;4210001;42;;;
Luiziana;Paraná;210;57133865,4;1369855,9;30;0,198066215;1;0;4113734;41;;;
Lunardelli;Paraná;62;5129491,5;181609,2;18;1,144667589;0;3;4113759;41;;;
Lupionópolis;Paraná;41;3841704,8;140946,2;29;2,923043449;0;3;4113809;41;;;
Luzerna;Santa Catarina;1;33750;1158,9;0;0;0;3;4210035;42;;;
Machadinho;Rio Grande do Sul;8;1095776,7;29374,6;1;0,036221664;0;3;4311700;43;;;
Macieira;Santa Catarina;2;176400;10564,9;0;0;0;3;4210050;42;;;
Mafra;Santa Catarina;95;12219401,1;288869,5;0;0;3;1;4210100;42;;;
Major Gercino;Santa Catarina;1;29800;1401,3;0;0;0;3;4210209;42;;;
Major Vieira;Santa Catarina;26;4744015,5;131483,3;1;0,014997805;0;3;4210308;42;;;
Mallet;Paraná;25;2020253,3;44329,8;6;1,920322455;0;3;4113908;41;;;
Mamborê;Paraná;350;70000353,8;1745705,3;90;1,355057668;1;0;4114005;41;;;
Mampituba;Rio Grande do Sul;14;1805975;19278,9;2;0,15339564;0;3;4311734;43;;;
Mandaguari;Paraná;75;6762702,1;176367,3;13;0,631944124;0;1;4114203;41;;;
Mandaguaçu;Paraná;88;7561765,6;295042,3;51;2,345077365;0;1;4114104;41;;;
Mandirituba;Paraná;2;162046,5;4726,2;0;0;0;3;4114302;41;;;
Mangueirinha;Paraná;113;23249660,6;536196,5;1;0,005604062;3;4;4114401;41;;;
Manoel Ribas;Paraná;185;21155587,7;511014,2;32;1,25757423;3;4;4114500;41;;;
Manoel Viana;Rio Grande do Sul;31;8854492,1;326512,7;0;0;0;1;4311759;43;;;
Maquiné;Rio Grande do Sul;1;318500;3400;0;0;0;3;4311775;43;;;
Maracajá;Santa Catarina;8;1022600;10706,4;0;0;0;3;4210407;42;;;
Marau;Rio Grande do Sul;25;2918986,7;105601,7;4;0,197776288;0;3;4311809;43;;;
Maravilha;Santa Catarina;1;22300,8;1364,8;1;2,972369679;0;3;4210506;42;;;
Marechal Cândido Rondon;Paraná;137;10729537,8;364938,4;90;2,78142077;3;1;4114609;41;;;
Maria Helena;Paraná;1;361088,1;11740,7;0;0;0;3;4114708;41;;;
Marialva;Paraná;310;26565791,4;964474,6;84;0,797928357;3;4;4114807;41;;;
Marilena;Paraná;1;149809,5;8939,1;1;5,101557033;0;3;4115002;41;;;
Mariluz;Paraná;78;20949666,1;674834,1;15;0,877877599;3;4;4115101;41;;;
Marilândia do Sul;Paraná;101;12029766,4;476245;14;0,505770296;3;1;4114906;41;;;
Maringá;Paraná;241;24516008,7;954571,1;122;1,743465078;3;4;4115200;41;;;
Maripá;Paraná;126;18234308,1;680608,1;33;0,608082611;3;4;4115358;41;;;
Mariópolis;Paraná;47;4149248,1;116500,5;0;0;0;3;4115309;41;;;
Marmeleiro;Paraná;8;1228066,7;40969,2;1;0,506171571;0;3;4115408;41;;;
Marquinho;Paraná;9;2346407,6;55006,2;2;0,048648124;0;3;4115457;41;;;
Marumbi;Paraná;44;3415929,4;127073,8;13;1,011724054;0;3;4115507;41;;;
Massaranduba;Santa Catarina;1;100000;1102,5;0;0;0;3;4210605;42;;;
Matelândia;Paraná;70;9709665,1;320669,3;30;1,447774296;3;1;4115606;41;;;
Mato Castelhano;Rio Grande do Sul;22;3155716;89152,2;1;0,083970864;0;3;4312138;43;;;
Mato Queimado;Rio Grande do Sul;2;92727,5;5512,9;0;0;0;3;4312179;43;;;
Mato Rico;Paraná;31;2605121,5;79558,7;12;0,513612659;0;3;4115739;41;;;
Mauá da Serra;Paraná;11;1313052,3;65902,5;2;0,524868231;0;3;4115754;41;;;
Maximiliano de Almeida;Rio Grande do Sul;4;275250;9802,3;0;0;0;3;4312203;43;;;
Maçambará;Rio Grande do Sul;59;38768886,6;1334013,7;27;0,912816789;1;0;4311718;43;;;
Medianeira;Paraná;83;7116775,1;250045,4;35;1,738230665;0;1;4115804;41;;;
Meleiro;Santa Catarina;118;17397535,8;195566,3;10;0,272277183;3;4;4210803;42;;;
Mercedes;Paraná;63;5356032,7;209232,4;25;1,545527536;0;3;4115853;41;;;
Minas do Leão;Rio Grande do Sul;17;8629850,7;268843,9;2;0,34204454;0;1;4312252;43;;;
Mirador;Paraná;9;501770,4;24765,1;7;2,589460219;0;3;4115903;41;;;
Miraguaí;Rio Grande do Sul;2;85494,3;3393,9;1;0,414587256;0;3;4312302;43;;;
Miraselva;Paraná;7;609319,3;19238,2;2;1,512718445;0;3;4116000;41;;;
Mirim Doce;Santa Catarina;4;95000;1469,6;1;0,482292138;0;3;4210852;42;;;
Missal;Paraná;76;7034776,5;316772,7;28;1,141811517;0;1;4116059;41;;;
Modelo;Santa Catarina;2;211559,7;7554,1;0;0;0;3;4210902;42;;;
Monte Alegre dos Campos;Rio Grande do Sul;328;28377515,7;1210302,1;233;2,881349885;3;4;4312377;43;;;
Monte Alverne;-;1;120500;1286,3;0;0;0;3;0;-;;;
Monte Belo do Sul;Rio Grande do Sul;447;43353489,5;1085690,3;188;1,646232465;1;0;4312385;43;;;
Monte Carlo;Santa Catarina;1;78000;1214,9;0;0;0;3;4211058;42;;;
Monte Castelo;Santa Catarina;5;275900;18458,3;0;0;0;3;4211108;42;;;
Montenegro;Rio Grande do Sul;1;206350;6035,7;0;0;0;3;4312401;43;;;
Moreira Sales;Paraná;36;7470625,8;251626,2;17;1,820115498;0;1;4116109;41;;;
Mormaço;Rio Grande do Sul;6;904284,7;23100;2;0,590483897;0;3;4312427;43;;;
Morrinhos do Sul;Rio Grande do Sul;2;974350;10401,2;1;2,863038314;0;3;4312443;43;;;
Morro Grande;Santa Catarina;80;5866772,8;64272,8;4;0,071726894;0;1;4211256;42;;;
Morro Redondo;Rio Grande do Sul;1;21120;563,6;0;0;0;3;4312450;43;;;
Morro da Fumaça;Santa Catarina;3;356900;6702,3;1;1,721229258;0;3;4211207;42;;;
Mostardas;Rio Grande do Sul;20;11518700,9;147522;0;0;3;1;4312500;43;;;
Muitos Capões;Rio Grande do Sul;85;42301655,8;1707813,5;13;0,09438136;1;0;4312617;43;;;
Muliterno;Rio Grande do Sul;8;1310593,5;54993,8;0;0;0;3;4312625;43;;;
Munhoz de Melo;Paraná;71;7347363,6;250082,9;32;1,550586943;0;1;4116307;41;;;
Muçum;Rio Grande do Sul;6;263053,6;6055,3;0;0;0;3;4312609;43;;;
Nicolau Vergueiro;Rio Grande do Sul;41;5455923,3;186551,1;8;0,122683284;0;3;4312674;43;;;
Nonoai;Rio Grande do Sul;6;242699,1;12500,3;0;0;0;3;4312708;43;;;
Nossa Senhora das Graças;Paraná;25;3533332,7;130468,3;12;2,830346152;0;3;4116406;41;;;
Nova Alvorada;Rio Grande do Sul;1;53004;1288;1;3,504681713;0;3;4312757;43;;;
Nova América da Colina;Paraná;49;4325328,6;214418,8;33;1,665724107;0;3;4116604;41;;;
Nova Araçá;Rio Grande do Sul;2;66830,5;1960,4;0;0;0;3;4312807;43;;;
Nova Aurora;Paraná;304;24858560,4;945697,3;123;1,123587323;3;4;4116703;41;;;
Nova Bassano;Rio Grande do Sul;11;457953,1;13687,4;0;0;0;3;4312906;43;;;
Nova Boa Vista;Rio Grande do Sul;8;263332,3;13823,6;1;0,160080134;0;3;4312955;43;;;
Nova Candelária;Rio Grande do Sul;2;137466,8;5992,3;1;1,054538163;0;3;4313011;43;;;
Nova Cantu;Paraná;105;8617012,2;329161,3;14;0,586443457;0;1;4116802;41;;;
Nova Esperança;Paraná;52;5193733,5;181596,5;27;2,823856088;0;3;4116901;41;;;
Nova Esperança do Sudoeste;Paraná;1;34791,4;2383,5;0;0;0;3;4116950;41;;;
Nova Fátima;Paraná;77;9051100,7;352507,5;66;3,465560145;0;1;4117008;41;;;
Nova Laranjeiras;Paraná;10;1324490,7;31413,9;0;0;0;3;4117057;41;;;
Nova Milano;-;1;201160,3;4888,2;0;0;0;3;0;-;;;
Nova Olímpia;Paraná;3;280503,6;8914,1;0;0;0;3;4117206;41;;;
Nova Palma;Rio Grande do Sul;3;267573,3;10776,2;0;0;0;3;4313102;43;;;
Nova Petrópolis;Rio Grande do Sul;3;201000;4691,2;0;0;0;3;4313201;43;;;
Nova Prata;Rio Grande do Sul;15;1225425,1;44275;0;0;0;3;4313300;43;;;
Nova Prata do Iguaçu;Paraná;7;881151,6;24670;2;1,64707294;0;3;4117255;41;;;
Nova Pádua;Rio Grande do Sul;257;23627516,4;709442;250;11,51720791;3;4;4313086;43;;;
Nova Ramada;Rio Grande do Sul;20;3580514,3;129777,1;1;0,09822681;0;3;4313334;43;;;
Nova Roma do Sul;Rio Grande do Sul;197;14657592,2;434982,9;178;9,115138013;3;1;4313359;43;;;
Nova Santa Bárbara;Paraná;40;2835917,1;114260,1;9;1,333142165;0;3;4117214;41;;;
Nova Santa Rita;Rio Grande do Sul;18;5899944,1;60199,4;1;0,361070174;0;1;4313375;43;;;
Nova Santa Rosa;Paraná;129;10759588,8;346422,8;77;2,334471038;3;1;4117222;41;;;
Nova Sardenha;-;2;74507,7;3678,1;0;0;0;3;0;-;;;
Nova Tebas;Paraná;65;10562371;312011,9;21;1,451062982;3;1;4117271;41;;;
Nova Veneza;Santa Catarina;153;26086390,8;280129,8;5;0,038728963;3;4;4211603;42;;;
Novo Cabrais;Rio Grande do Sul;1;204408,7;7229,9;0;0;0;3;4313391;43;;;
Novo Horizonte;Santa Catarina;9;268262,6;9617;3;1,803273549;0;3;4211652;42;;;
Novo Itacolomi;Paraná;43;2189599;96385,2;14;1,333206084;0;3;4117297;41;;;
Novo Sarandi;-;4;201095,9;7221,2;2;3,035959106;0;3;0;-;;;
Novo Sobradinho;-;2;116235,6;6799,8;0;0;0;3;0;-;;;
Novo Tiradentes;Rio Grande do Sul;3;476325,6;28418,8;0;0;0;3;4313441;43;;;
Novo Xingu;Rio Grande do Sul;3;101813,2;4852,5;2;1,078755202;0;3;4313466;43;;;
Não-Me-Toque;Rio Grande do Sul;105;13548822,5;469455,9;32;0,399689858;3;1;4312658;43;;;
Ortigueira;Paraná;85;15804688,6;464077,9;13;0,396156002;3;1;4117305;41;;;
Osório;Rio Grande do Sul;6;2412850;25581,1;0;0;0;3;4313508;43;;;
Otacílio Costa;Santa Catarina;3;809225,3;11116,1;0;0;0;3;4211751;42;;;
Otávio Rocha;-;8;420911,6;13488;6;6,620398018;0;3;0;-;;;
Ourizona;Paraná;76;9598112,9;360665,3;27;1,79794501;3;1;4117404;41;;;
Ouro;Santa Catarina;2;36000;2205,6;0;0;0;3;4211801;42;;;
Ouro Verde;Santa Catarina;5;828679,1;23139,3;0;0;0;3;4211850;42;;;
Ouro Verde do Oeste;Paraná;139;11524704,6;444061,9;43;1,168233806;3;1;4117453;41;;;
Paim Filho;Rio Grande do Sul;7;260200;14418;0;0;0;3;4313607;43;;;
Painel;Santa Catarina;14;3076585;182026,9;1;0,017793392;0;3;4211892;42;;;
Paiçandu;Paraná;119;10508582;416781,2;51;1,610933497;3;1;4117503;41;;;
Palhoça;Santa Catarina;1;197007,3;2860,9;0;0;0;3;4211900;42;;;
Palma Sola;Santa Catarina;2;288440,3;16354,6;2;4,063527178;0;3;4212007;42;;;
Palmares do Sul;Rio Grande do Sul;6;2967851;51707,1;0;0;0;3;4313656;43;;;
Palmas;Paraná;45;20937288,6;740609,2;7;0,141090629;3;4;4117602;41;;;
Palmeira;Paraná;127;16705232,5;428801,7;4;0,055092628;3;4;4117701;41;;;
Palmeira das Missões;Rio Grande do Sul;65;22941139,3;807765,9;14;0,160056041;3;4;4313706;43;;;
Palmeirinha;-;4;2450000;83671,9;2;2,704672269;0;3;0;-;;;
Palmital;Paraná;8;1886679;41791,7;1;2,158471034;0;3;4117800;41;;;
Palmitinho;Rio Grande do Sul;2;71500;2407,2;1;3,832221038;0;3;4313805;43;;;
Palmitópolis;-;1;107662,2;2664,6;1;0,709984125;0;3;0;-;;;
Palotina;Paraná;301;45651701,4;1653267,5;93;0,959753793;1;0;4117909;41;;;
Panambi;Rio Grande do Sul;37;5314040,7;160637,3;2;0,066987227;0;3;4313904;43;;;
Panema;-;2;137998,6;8197,1;2;1,044626094;0;3;0;-;;;
Pantano Grande;Rio Grande do Sul;15;3784443,8;104667,7;2;0,427723713;0;3;4313953;43;;;
Papanduva;Santa Catarina;25;3564738,5;154365,4;6;1,314949012;0;3;4212205;42;;;
Paranacity;Paraná;41;3061630,9;126632,4;33;4,615608817;0;3;4118105;41;;;
Paranapoema;Paraná;20;4947976,1;148133;15;5,867092601;0;3;4118303;41;;;
Paranavaí;Paraná;2;598744,7;25151,2;2;4,946566306;0;3;4118402;41;;;
Paraí;Rio Grande do Sul;16;946505,5;32830;8;1,2307318;0;3;4314001;43;;;
Paraíso;Santa Catarina;6;241759,1;8280,3;2;0,366558699;0;3;4212239;42;;;
Paraíso do Norte;Paraná;22;1925823;75266,1;13;4,163709859;0;3;4118006;41;;;
Paraíso do Sul;Rio Grande do Sul;1;337053,6;8342,1;0;0;0;3;4314027;43;;;
Passinhos;-;1;354372,9;25116,2;0;0;0;3;0;-;;;
Passo Fundo;Rio Grande do Sul;39;7157333,7;200599,1;4;0,043365691;0;1;4314100;43;;;
Passo de Torres;Santa Catarina;2;393000;4838,9;1;0,904119894;0;3;4212254;42;;;
Passo do Sobrado;Rio Grande do Sul;10;1445520,8;23431,5;1;0,064112805;0;3;4314076;43;;;
Passos Maia;Santa Catarina;7;2242231,9;71526;0;0;0;3;4212270;42;;;
Pato Bragado;Paraná;20;2484323,4;99100,4;4;0,759725581;0;3;4118451;41;;;
Pato Branco;Paraná;50;5057885,9;174527,6;10;0,34531619;0;3;4118501;41;;;
Paula Freitas;Paraná;15;2830589,5;93673,3;1;0,264890146;0;3;4118600;41;;;
Paulo Bento;Rio Grande do Sul;1;30000;999;0;0;0;3;4314134;43;;;
Paulo Frontin;Paraná;13;860888,6;19638,6;0;0;0;3;4118709;41;;;
Peabiru;Paraná;203;28958145,8;793330,7;102;2,730858965;3;4;4118808;41;;;
Pedras Altas;Rio Grande do Sul;10;2269642,6;84062,1;2;0,854755968;0;3;4314175;43;;;
Pedras Grandes;Santa Catarina;1;35250;454;0;0;0;3;4212403;42;;;
Pedro Osório;Rio Grande do Sul;6;1506602,2;49649,5;0;0;0;3;4314209;43;;;
Pejuçara;Rio Grande do Sul;82;24518758,4;878252,2;29;0,564908289;3;4;4314308;43;;;
Pelotas;Rio Grande do Sul;9;3156494,2;101988,3;0;0;0;3;4314407;43;;;
Pericó;-;1;257600;21908,9;0;0;0;3;0;-;;;
Perobal;Paraná;55;15600628,4;470029,7;43;3,996481031;3;1;4118857;41;;;
Petrolândia;Santa Catarina;31;3022497,3;126686,6;1;0,057350247;0;3;4212700;42;;;
Picada Café;Rio Grande do Sul;3;55042;1116,7;0;0;0;3;4314423;43;;;
Pinhal;Rio Grande do Sul;2;180000;7505,5;0;0;0;3;4314456;43;;;
Pinhal Grande;Rio Grande do Sul;36;5197199,1;177512,3;6;0,117868078;0;3;4314472;43;;;
Pinhal da Serra;Rio Grande do Sul;19;1910798,8;70364,5;0;0;0;3;4314464;43;;;
Pinhal de São Bento;Paraná;2;52223,6;1794,6;1;0,631177754;0;3;4119251;41;;;
Pinhalão;Paraná;18;6179874,1;143583,2;2;0,024643209;0;1;4119202;41;;;
Pinheirinho do Vale;Rio Grande do Sul;1;27132,5;968,8;0;0;0;3;4314498;43;;;
Pinheiro Machado;Rio Grande do Sul;13;4423307,2;157636,8;3;0,716597094;0;3;4314506;43;;;
Pinheiro Preto;Santa Catarina;24;2835350;181518,8;0;0;0;3;4213005;42;;;
Pinhão;Paraná;69;18710798,1;430167;0;0;3;4;4119301;41;;;
Pinto Bandeira;Rio Grande do Sul;435;48874115,8;1664074;317;4,362358157;1;0;4314548;43;;;
Piquiri;-;2;260944,1;8759,9;0;0;0;3;0;-;;;
Pirapó;Rio Grande do Sul;2;294050;18826,5;2;2,326404807;0;3;4314555;43;;;
Piratini;Rio Grande do Sul;32;7180136,9;257406,3;4;0,448681598;0;1;4314605;43;;;
Piraí do Sul;Paraná;50;14501499,2;317207,6;2;0,161748705;3;1;4119400;41;;;
Pitanga;Paraná;166;36133422,9;833831,3;16;0,205967344;1;4;4119608;41;;;
Pitangueiras;Paraná;129;13117829,4;492425,1;66;2,264148142;3;1;4119657;41;;;
Pitangui;-;1;380083;22405,9;0;0;0;3;0;-;;;
Piên;Paraná;3;62000;2155,2;0;0;0;3;4119103;41;;;
Planaltina do Paraná;Paraná;9;840999,4;31745;1;0,343234412;0;3;4119707;41;;;
Planalto;Paraná;126;6627232,7;229705,7;39;1,305553205;0;1;4119806;41;;;
Ponta Grossa;Paraná;92;16705138,5;497848,1;4;0,385656451;3;4;4119905;41;;;
Ponte Alta;Santa Catarina;5;1096400;21079,5;0;0;0;3;4213302;42;;;
Ponte Alta do Norte;Santa Catarina;2;100000;1288;0;0;0;3;4213351;42;;;
Ponte Preta;Rio Grande do Sul;1;19203,7;950,6;0;0;0;3;4314787;43;;;
Pontão;Rio Grande do Sul;42;6760177,8;195458,9;2;0,038973129;0;1;4314779;43;;;
Porecatu;Paraná;10;1403685,2;62076,6;6;2,030025104;0;3;4120002;41;;;
Porto Amazonas;Paraná;13;4483733,2;164509,9;0;0;0;3;4120101;41;;;
Porto Barreiro;Paraná;3;313533,2;12231,6;0;0;0;3;4120150;41;;;
Porto União;Santa Catarina;4;727079,9;18752,4;0;0;0;3;4213609;42;;;
Portão;Rio Grande do Sul;1;1067950;11400,4;1;4,483598127;0;3;4314803;43;;;
Pouso Redondo;Santa Catarina;21;1669725,6;24808,8;5;0,587024304;0;3;4213708;42;;;
Prado Ferreira;Paraná;45;6643059,1;267779,9;23;1,754203572;0;1;4120333;41;;;
Praia Grande;Santa Catarina;69;5735537,8;72680,5;9;0,240468088;0;1;4213807;42;;;
Pranchita;Paraná;19;2046714;83521,5;1;0,706865361;0;3;4120358;41;;;
Presidente Castelo Branco;Paraná;18;2047113,8;63389,9;10;2,750325245;0;3;4120408;41;;;
Primeiro de Maio;Paraná;190;17697024,7;672802,9;81;2,436791342;3;4;4120507;41;;;
Protásio Alves;Rio Grande do Sul;17;1969819,6;82409,9;0;0;0;3;4315172;43;;;
Prudentópolis;Paraná;28;4697618,7;129501,3;2;0,082192055;0;3;4120606;41;;;
Pulador;-;1;157167,6;5990,5;0;0;0;3;0;-;;;
Putinga;Rio Grande do Sul;4;200470;6768,8;0;0;0;3;4315206;43;;;
Pérola;Paraná;1;214879,5;5318,3;1;9,278413322;0;3;4118907;41;;;
Pérola Independente;-;1;88822,1;5000;1;1,607347607;0;3;0;-;;;
Pérola d'Oeste;Paraná;3;181708,1;6306,9;0;0;0;3;4119004;41;;;
Pólo Petroquímico de Triunfo;-;2;967196,1;10324,8;2;20,40789844;0;3;0;-;;;
Quaraí;Rio Grande do Sul;7;1727238,2;40493,8;0;0;0;3;4315305;43;;;
Quarto Centenário;Paraná;132;27268441,7;918049,4;30;0,701685976;3;4;4120655;41;;;
Quatiguá;Paraná;2;166790,3;7691,2;1;3,294163766;0;3;4120705;41;;;
Quatro Irmãos;Rio Grande do Sul;6;413459,1;21178,6;1;0,14201615;0;3;4315313;43;;;
Quatro Pontes;Paraná;56;5719627;194096,9;22;2,676905489;0;1;4120853;41;;;
Quedas do Iguaçu;Paraná;30;3569294;111648;3;0,12401931;0;3;4120903;41;;;
Querência do Norte;Paraná;38;7476323,5;278101,6;20;2,014710326;0;1;4121000;41;;;
Quevedos;Rio Grande do Sul;36;8482712,9;258531,3;4;0,258142407;0;1;4315321;43;;;
Quilombo;Santa Catarina;4;604943,5;14799,2;0;0;0;3;4214201;42;;;
Quinta do Sol;Paraná;150;24530771,6;792861,7;84;2,40906247;3;4;4121109;41;;;
Quinze de Novembro;Rio Grande do Sul;5;1143624,1;34837,4;1;0,188675541;0;3;4315354;43;;;
Quitandinha;Paraná;5;369574,7;8938,8;0;0;0;3;4121208;41;;;
Ramilândia;Paraná;16;1492377,2;78415,7;3;0,137327546;0;3;4121257;41;;;
Rancho Alegre;Paraná;110;7956505,1;333102,4;25;0,829117542;0;1;4121307;41;;;
Rancho Alegre d'Oeste;Paraná;128;17373103,4;536628,6;47;1,188948271;3;4;4121356;41;;;
Rancho Queimado;Santa Catarina;1;60000,3;2678,4;0;0;0;3;4214300;42;;;
Realeza;Paraná;7;460294;22176,3;0;0;0;3;4121406;41;;;
Rebouças;Paraná;14;2524826;57289,9;1;0,633301431;0;3;4121505;41;;;
Redentora;Rio Grande do Sul;10;1124746,5;50422,6;5;0,424769103;0;3;4315404;43;;;
Renascença;Paraná;21;6172621,3;153633,7;4;0,500840449;0;1;4121604;41;;;
Reserva;Paraná;50;10490084,7;238949;11;0,496429121;3;1;4121703;41;;;
Reserva do Iguaçu;Paraná;34;6414568;147230,9;0;0;0;1;4121752;41;;;
Restinga Seca;-;18;3305773,4;91795,3;6;1,622442944;0;3;0;-;;;
Ribeirão Claro;Paraná;9;1550381,7;48224,1;1;0,319648466;0;3;4121802;41;;;
Ribeirão do Pinhal;Paraná;45;5727730,6;238929,7;32;2,656996787;0;1;4121901;41;;;
Rio Azul;Paraná;16;1094313,1;26759;0;0;0;3;4122008;41;;;
Rio Bom;Paraná;24;1937986,4;72498,5;3;0,491608556;0;3;4122107;41;;;
Rio Bonito do Iguaçu;Paraná;16;1588220,9;37320,4;0;0;0;3;4122156;41;;;
Rio Branco do Ivaí;Paraná;37;9231190,8;364881,3;19;2,090617638;0;1;4122172;41;;;
Rio Grande;Rio Grande do Sul;12;4414506,1;68132,4;0;0;0;3;4315602;43;;;
Rio Negrinho;Santa Catarina;12;2380817,8;75610,7;1;0,273771033;0;3;4215000;42;;;
Rio Negro;Paraná;10;695172;22487;1;0,08249389;0;3;4122305;41;;;
Rio Pardo;Rio Grande do Sul;35;11829827,3;279343,7;2;0,077651462;3;1;4315701;43;;;
Rio Rufino;Santa Catarina;9;1842910;106616,5;0;0;0;3;4215059;42;;;
Rio Toldo;-;3;54900;2188,6;3;0,783669166;0;3;0;-;;;
Rio das Antas;Santa Catarina;50;8200575,3;453751,5;13;0,406361342;0;1;4214409;42;;;
Rio do Oeste;Santa Catarina;3;315000;6352,9;0;0;0;3;4214607;42;;;
Rio do Salto;-;6;337445,9;19531,1;0;0;0;3;0;-;;;
Rio do Sul;Santa Catarina;1;62500;966,8;0;0;0;3;4214805;42;;;
Roca Sales;Rio Grande do Sul;7;353810,5;8153;3;1,947018954;0;3;4315800;43;;;
Rodeio Bonito;Rio Grande do Sul;3;290000;11518,7;1;2,726323397;0;3;4315909;43;;;
Rolador;Rio Grande do Sul;4;787745,6;43640,9;0;0;0;3;4315958;43;;;
Rolândia;Paraná;317;30980714,4;1164405,4;117;1,292970085;3;4;4122404;41;;;
Roncador;Paraná;144;19857882,6;605010,4;36;0,76543978;3;4;4122503;41;;;
Ronda Alta;Rio Grande do Sul;5;663148;30503,1;0;0;0;3;4316105;43;;;
Rondinha;Rio Grande do Sul;8;501400;18174,2;5;2,314187734;0;3;4316204;43;;;
Rondon;Paraná;4;502181,4;17621,8;2;0,915721815;0;3;4122602;41;;;
Roque Gonzales;Rio Grande do Sul;1;487687,5;16958,2;0;0;0;3;4316303;43;;;
Rosário do Ivaí;Paraná;55;4432334,5;161607,2;29;2,109384458;0;3;4122651;41;;;
Rosário do Sul;Rio Grande do Sul;30;13526992,2;368501;6;3,364393128;3;1;4316402;43;;;
Sabáudia;Paraná;204;14301571,2;552920,6;106;1,962484597;3;1;4122701;41;;;
Saldanha Marinho;Rio Grande do Sul;30;7245978,2;208407,6;8;0,73296944;0;1;4316436;43;;;
Salete;Santa Catarina;2;228300;18742,2;0;0;0;3;4215307;42;;;
Salgado Filho;Paraná;5;128000;6457,7;0;0;0;3;4122800;41;;;
Salto do Itararé;Paraná;1;23657,6;651,4;0;0;0;3;4122909;41;;;
Salto do Jacuí;Rio Grande do Sul;14;7314499;254477,8;1;0,165196643;0;1;4316451;43;;;
Salto do Lontra;Paraná;4;204481,1;6178,7;1;0,141894093;0;3;4123006;41;;;
Sananduva;Rio Grande do Sul;8;431923,7;10740,4;1;0,135478163;0;3;4316600;43;;;
Sangão;Santa Catarina;2;220000;2425,5;0;0;0;3;4215455;42;;;
Santa Amélia;Paraná;24;1915782,7;76288;14;2,462623369;0;3;4123105;41;;;
Santa Bárbara do Sul;Rio Grande do Sul;107;33565770,2;1130515,7;17;0,435678114;1;4;4316709;43;;;
Santa Cecília do Pavão;Paraná;62;4179429,5;167667,4;15;0,86247537;0;3;4123204;41;;;
Santa Cecília do Sul;Rio Grande do Sul;2;216080,1;6691,3;0;0;0;3;4316733;43;;;
Santa Cruz de Monte Castelo;Paraná;32;6345262,8;258530;20;2,42625127;0;1;4123303;41;;;
Santa Cruz do Sul;Rio Grande do Sul;1;190771,7;3338,5;0;0;0;3;4316808;43;;;
Santa Fé;Paraná;77;8765698,3;284095,7;52;3,007771452;0;1;4123402;41;;;
Santa Helena;Paraná;159;16967926,8;628858,6;67;1,334044829;3;4;4123501;41;;;
Santa Inês;Paraná;14;1520276,2;54754,5;9;3,281766122;0;3;4123600;41;;;
Santa Isabel do Ivaí;Paraná;16;3317488,8;114979,4;15;2,824673975;0;3;4123709;41;;;
Santa Izabel;-;1;207500;17647,9;1;1,284395997;0;3;0;-;;;
Santa Izabel do Oeste;Paraná;10;1358254;51602,4;3;1,276132418;0;3;4123808;41;;;
Santa Lúcia;Paraná;1;46901,8;2973,8;1;3,838011652;0;3;4123824;41;;;
Santa Lúcia do Piaí;-;19;4266803,1;239972,7;4;0,62482816;0;3;0;-;;;
Santa Margarida do Sul;Rio Grande do Sul;14;6125706,4;121979,8;7;1,248184558;0;1;4316972;43;;;
Santa Maria;Rio Grande do Sul;37;8319353,2;297392,7;3;0,166574198;0;1;4316907;43;;;
Santa Maria do Oeste;Paraná;58;9747056,4;225013,6;3;0,123141232;3;1;4123857;41;;;
Santa Mariana;Paraná;183;22733708,4;1063307,3;49;0,556312804;3;4;4123907;41;;;
Santa Mônica;Paraná;11;2194941,6;100786,8;7;1,078752265;0;3;4123956;41;;;
Santa Rosa;Rio Grande do Sul;4;415841,1;8646,7;0;0;0;3;4317202;43;;;
Santa Rosa do Sul;Santa Catarina;12;1487795;18784,8;1;0,721771016;0;3;4215653;42;;;
Santa Tereza;Rio Grande do Sul;173;13381003,5;329154,2;22;0,228241643;3;1;4317251;43;;;
Santa Tereza do Oeste;Paraná;95;13717930,1;592223,6;3;0,120438257;3;1;4124020;41;;;
Santa Terezinha;Santa Catarina;1;18399,8;237;0;0;0;3;4215679;42;;;
Santa Terezinha de Itaipu;Paraná;131;18894992,3;597950,6;29;0,814892801;3;4;4124053;41;;;
Santa Vitória do Palmar;Rio Grande do Sul;22;15204611,6;207507,6;0;0;3;1;4317301;43;;;
Santana da Boa Vista;Rio Grande do Sul;4;2096600;41551,5;0;0;0;3;4317004;43;;;
Santana do Itararé;Paraná;1;418069,4;13470,2;0;0;0;3;4124004;41;;;
Santana do Livramento;-;36;19713070;568517;1;3,87942E-05;3;4;0;-;;;
Santiago;Rio Grande do Sul;17;7828161,6;281945,7;1;0,264356941;0;1;4317400;43;;;
Santo Antônio da Patrulha;Rio Grande do Sul;17;6761389,9;65314,3;5;1,569693654;0;1;4317608;43;;;
Santo Antônio da Platina;Paraná;156;12899905;528313,8;103;2,580852414;3;1;4124103;41;;;
Santo Antônio das Missões;Rio Grande do Sul;45;9647149,8;335342,6;4;0,103949087;3;1;4317707;43;;;
Santo Antônio do Palma;Rio Grande do Sul;10;1150178,6;46800,3;4;0,968206806;0;3;4317558;43;;;
Santo Antônio do Palmital;-;1;91223,2;2257,8;0;0;0;3;0;-;;;
Santo Antônio do Paraíso;Paraná;64;10347390,9;394368,3;40;2,781566258;3;1;4124301;41;;;
Santo Antônio do Planalto;Rio Grande do Sul;57;11162120,9;398093,5;13;0,187758766;3;1;4317756;43;;;
Santo Antônio do Sudoeste;Paraná;4;285226,6;9076,7;1;2,277213144;0;3;4124400;41;;;
Santo Augusto;Rio Grande do Sul;41;7330728,5;244287,2;8;0,15661303;0;1;4317806;43;;;
Santo Expedito do Sul;Rio Grande do Sul;2;61550;2304,9;0;0;0;3;4317954;43;;;
Santo Inácio;Paraná;52;3557063,8;141787,5;41;3,759042912;0;3;4124509;41;;;
Santo Ângelo;Rio Grande do Sul;21;2843482,3;91947,6;5;0,523123979;0;3;4317509;43;;;
Sapiranga;Rio Grande do Sul;1;75000;774,4;0;0;0;3;4319901;43;;;
Sapopema;Paraná;9;1559236,6;42393;1;0,359585508;0;3;4126207;41;;;
Sarandi;Paraná;125;11595722;415069,7;34;0,731508153;3;1;4126256;41;;;
Seara;Santa Catarina;2;49685,8;1359,4;0;0;0;3;4217501;42;;;
Seberi;Rio Grande do Sul;3;366479,5;22006,6;2;1,757786253;0;3;4320206;43;;;
Sede Alvorada;-;2;51076,2;2968;2;2,25371115;0;3;0;-;;;
Sede Nova;Rio Grande do Sul;16;1657406,9;65551,1;1;0,039203767;0;3;4320230;43;;;
Segredo;Rio Grande do Sul;5;103305;4424,3;0;0;0;3;4320263;43;;;
Selbach;Rio Grande do Sul;11;387025,4;21332,7;0;0;0;3;4320305;43;;;
Selva;-;3;118403,8;6683,6;0;0;0;3;0;-;;;
Senador Salgado Filho;Rio Grande do Sul;1;42291;3045;0;0;0;3;4320321;43;;;
Sengés;Paraná;32;8589487,1;196083,2;4;0,969562929;0;1;4126306;41;;;
Sentinela do Sul;Rio Grande do Sul;1;332540,8;1759,4;0;0;0;3;4320354;43;;;
Serafina Corrêa;Rio Grande do Sul;2;33200,5;1546,3;0;0;0;3;4320404;43;;;
Serra Alta;Santa Catarina;1;55926,8;1736,5;0;0;0;3;4217550;42;;;
Serranópolis do Iguaçu;Paraná;32;2241223,9;93524,3;11;0,942477999;0;3;4126355;41;;;
Sertaneja;Paraná;95;19355985,6;769743,9;29;1,335469813;3;4;4126405;41;;;
Sertanópolis;Paraná;281;27820187,4;997592,5;100;1,375333994;3;4;4126504;41;;;
Sertão;Rio Grande do Sul;22;3177689,8;91435,9;0;0;0;3;4320503;43;;;
Sertão Santana;Rio Grande do Sul;1;19349,5;338,6;0;0;0;3;4320552;43;;;
Siderópolis;Santa Catarina;3;216500;2235,4;0;0;0;3;4217600;42;;;
Silveira Martins;Rio Grande do Sul;3;103441,5;3080,9;0;0;0;3;4320651;43;;;
Siqueira Campos;Paraná;5;474187,6;10469,3;0;0;0;3;4126603;41;;;
Sobradinho;Rio Grande do Sul;1;36660;890,8;0;0;0;3;4320701;43;;;
Soledade;Rio Grande do Sul;35;6266372,5;201511,6;1;0,021383183;0;1;4320800;43;;;
Sombrio;Santa Catarina;13;1762769,4;21179,5;0;0;0;3;4217709;42;;;
Sulina;Paraná;5;678700,5;14756,1;0;0;0;3;4126652;41;;;
São Bernardino;Santa Catarina;1;85812;3064,1;0;0;0;3;4215752;42;;;
São Borja;Rio Grande do Sul;142;45786081,2;1459346,7;16;0,308316513;1;0;4318002;43;;;
São Camilo;-;1;112598,2;3113,6;0;0;0;3;0;-;;;
São Carlos do Ivaí;Paraná;42;5323696,6;209436,7;24;2,431900928;0;3;4124608;41;;;
São Cristóvão do Sul;Santa Catarina;2;69000;888,7;0;0;0;3;4216057;42;;;
São Domingos;Santa Catarina;48;6590824;174443,6;2;0,195572353;0;1;4216107;42;;;
São Domingos do Sul;Rio Grande do Sul;1;75504,6;2515,9;1;3,098660323;0;3;4318051;43;;;
São Francisco de Assis;Rio Grande do Sul;19;5695688,4;149629,9;0;0;0;1;4318101;43;;;
São Francisco de Paula;Rio Grande do Sul;44;10946812,8;555351,9;18;0,676766987;3;1;4318200;43;;;
São Gabriel;Rio Grande do Sul;61;24877020,1;667038,7;17;0,704421068;3;4;4318309;43;;;
São Jerônimo;Rio Grande do Sul;20;7159079,3;173837,1;5;0,908597101;0;1;4318408;43;;;
São Jerônimo da Serra;Paraná;98;13317258,8;437712,4;52;1,67384539;3;1;4124707;41;;;
São Joaquim;Santa Catarina;735;130563938,2;10432116,5;103;0,187120171;2;2;4216503;42;;;
São Jorge;Rio Grande do Sul;59;4881279,5;155915,7;22;0,637033569;0;3;4318440;43;;;
São Jorge D'Oeste;Paraná;9;502562,7;14654,8;0;0;0;3;4125209;41;;;
São Jorge do Ivaí;Paraná;150;15850506,5;695874,8;58;1,596531834;3;1;4125308;41;;;
São Jorge do Patrocínio;Paraná;3;169563,1;4007,4;0;0;0;3;4125357;41;;;
São José;Santa Catarina;2;883750;31258,2;0;0;0;3;4216602;42;;;
São José da Boa Vista;Paraná;51;7046827,8;200123,3;2;0,023767043;0;1;4125407;41;;;
São José das Missões;Rio Grande do Sul;1;30240;1492,8;0;0;0;3;4318457;43;;;
São José das Palmeiras;Paraná;6;545666,7;29673,4;3;1,077830182;0;3;4125456;41;;;
São José do Cerrito;Santa Catarina;10;1706395,6;34871,5;0;0;0;3;4216800;42;;;
São José do Ouro;Rio Grande do Sul;42;6796385,5;141107,2;0;0;0;1;4318606;43;;;
São José dos Ausentes;Rio Grande do Sul;51;5771663,2;437321;13;0,256865554;0;1;4318622;43;;;
São João;Paraná;7;1422484,9;35108,3;1;2,918602115;0;3;4124806;41;;;
São João d'Oeste;-;4;402740;21031,1;1;0,111203752;0;3;0;-;;;
São João da Urtiga;Rio Grande do Sul;5;358090;19938;0;0;0;3;4318424;43;;;
São João do Ivaí;Paraná;97;11306504,9;390534,8;44;1,379044191;3;1;4125001;41;;;
São João do Sul;Santa Catarina;45;3886379,2;51320,2;3;0,099242036;0;3;4216404;42;;;
São João do Triunfo;Paraná;43;5623372,7;110472,2;2;0,122226981;0;1;4125100;41;;;
São Lourenço do Oeste;Santa Catarina;10;607279,8;21415,9;8;6,306438023;0;3;4216909;42;;;
São Lourenço do Sul;Rio Grande do Sul;17;13826221,1;139992,8;0;0;3;1;4318804;43;;;
São Ludgero;Santa Catarina;2;68940;3257,5;0;0;0;3;4217006;42;;;
São Luiz;-;2;303374,2;17863,1;0;0;0;3;0;-;;;
São Luiz Gonzaga;Rio Grande do Sul;44;10254553,3;379745,8;1;0,031062661;3;1;4318903;43;;;
São Manoel do Paraná;Paraná;3;381278,7;11215,4;2;3,728241157;0;3;4125555;41;;;
São Marcos;Rio Grande do Sul;325;22528109,1;718496,6;269;6,119735312;3;4;4319000;43;;;
São Martinho;Santa Catarina;14;1043720;38554,4;2;0,142871336;0;3;4217105;42;;;
São Martinho da Serra;Rio Grande do Sul;19;4578377,5;161259,5;0;0;0;3;4319125;43;;;
São Mateus do Sul;Paraná;210;19565571,7;377817,4;5;0,140253546;3;4;4125605;41;;;
São Miguel;-;1;39036,1;2074,6;0;0;0;3;0;-;;;
São Miguel das Missões;Rio Grande do Sul;52;11150203,1;365876,8;5;0,19465315;3;1;4319158;43;;;
São Miguel do Iguaçu;Paraná;278;38253817,9;1418391,6;114;1,897404126;1;0;4125704;41;;;
São Nicolau;Rio Grande do Sul;15;4172498,2;170289,3;1;0,383091608;0;3;4319208;43;;;
São Pedro;-;15;1072214,1;48691,6;2;0,377676898;0;3;0;-;;;
São Pedro das Missões;Rio Grande do Sul;1;187691,9;5473,1;0;0;0;3;4319364;43;;;
São Pedro do Iguaçu;Paraná;118;11068109,1;332581,5;14;0,295725286;3;1;4125753;41;;;
São Pedro do Ivaí;Paraná;47;7972131,4;292149,7;12;0,949406244;0;1;4125803;41;;;
São Pedro do Sul;Rio Grande do Sul;19;4524746,4;117982,8;2;0,606892118;0;3;4319406;43;;;
São Sebastião da Amoreira;Paraná;65;7336753,4;354377,1;36;2,196432342;0;1;4126009;41;;;
São Sebastião do Caí;Rio Grande do Sul;1;64532;1568,1;0;0;0;3;4319505;43;;;
São Sepé;Rio Grande do Sul;43;12148598,9;424792,4;5;0,596938506;3;1;4319604;43;;;
São Tomé;Paraná;16;640247,1;29530,5;13;2,167882038;0;3;4126108;41;;;
São Valentim;Rio Grande do Sul;11;698435,8;19162,9;2;0,492926987;0;3;4319703;43;;;
São Valentim do Sul;Rio Grande do Sul;80;5765609,2;152697,3;17;0,693221218;0;1;4319711;43;;;
São Valério do Sul;Rio Grande do Sul;3;139200;5450,9;2;1,347223917;0;3;4319737;43;;;
São Vendelino;Rio Grande do Sul;2;159000;4948,1;0;0;0;3;4319752;43;;;
São Vicente do Sul;Rio Grande do Sul;65;14117719,9;415065,9;28;2,693561334;3;1;4319802;43;;;
Taió;Santa Catarina;16;1073420;16604,3;0;0;0;3;4217808;42;;;
Tamarana;Paraná;58;7224146,5;316739,5;16;0,607202585;0;1;4126678;41;;;
Tamboara;Paraná;4;736748,4;25628,1;3;4,213627385;0;3;4126702;41;;;
Tangará;Santa Catarina;67;4630032,2;298770,7;6;0,070640856;0;3;4217907;42;;;
Tapejara;Paraná;5;649221;16984,6;1;2,320675083;0;3;4126801;41;;;
Tapera;Rio Grande do Sul;11;821394,7;30395,6;1;0,007535317;0;3;4321006;43;;;
Tapes;Rio Grande do Sul;11;8677866,7;110022,3;2;0,102153479;0;1;4321105;43;;;
Tapira;Paraná;6;1362096,1;37921,3;0;0;0;3;4126900;41;;;
Taquara;Rio Grande do Sul;3;2107150;23041,9;2;1,017322383;0;3;4321204;43;;;
Taquara Verde;-;1;62500;2790;0;0;0;3;0;-;;;
Taquari;Rio Grande do Sul;12;4176448,2;42979,8;0;0;0;3;4321303;43;;;
Tavares;Rio Grande do Sul;1;512200;5467,7;0;0;0;3;4321352;43;;;
Teixeira Soares;Paraná;32;8481275,8;211886,9;0;0;0;1;4127007;41;;;
Telêmaco Borba;Paraná;2;293343;7192;0;0;0;3;4127106;41;;;
Tenente Portela;Rio Grande do Sul;6;857608,1;51279,9;2;1,296713711;0;3;4321402;43;;;
Terra Boa;Paraná;117;12436598,7;454660,4;74;3,063490641;3;1;4127205;41;;;
Terra Roxa;Paraná;219;43605296,2;1540045;114;2,14029077;1;0;4127403;41;;;
Terra de Areia;Rio Grande do Sul;1;302640;3230,7;0;0;0;3;4321436;43;;;
Teutônia;Rio Grande do Sul;2;63647,3;1530,7;0;0;0;3;4321451;43;;;
Tibagi;Paraná;155;50489842,2;1211644;16;0,290496029;1;0;4127502;41;;;
Tijucas;Santa Catarina;2;382400;4147,4;0;0;0;3;4218004;42;;;
Tijucas do Sul;Paraná;2;161912,5;4276;0;0;0;3;4127601;41;;;
Timbé do Sul;Santa Catarina;30;3160317,3;36486,1;0;0;0;3;4218103;42;;;
Timbó Grande;Santa Catarina;1;13356;199,9;0;0;0;3;4218251;42;;;
Tio Hugo;Rio Grande do Sul;36;2635458,4;90907,9;9;0,194415943;0;3;4321469;43;;;
Tiradentes do Sul;Rio Grande do Sul;4;499965,9;21799,9;0;0;0;3;4321477;43;;;
Toledo;Paraná;642;76597614,9;2300502,8;296;1,944765664;1;0;4127700;41;;;
Tomazina;Paraná;15;2775631,4;95526,6;6;1,557680376;0;3;4127809;41;;;
Toropi;Rio Grande do Sul;1;739211,9;18651,4;1;1,378854134;0;3;4321493;43;;;
Torres;Rio Grande do Sul;29;4381185;47065,2;2;0,738569295;0;3;4321501;43;;;
Torrinhas;-;1;170618,8;5621,2;1;7,149276314;0;3;0;-;;;
Tramandaí;Rio Grande do Sul;1;1519500;16220,7;0;0;0;3;4321600;43;;;
Trindade do Sul;Rio Grande do Sul;17;3304726,8;128432,6;5;0,865337395;0;3;4321956;43;;;
Triunfo;Rio Grande do Sul;25;11197997,9;119221;10;4,736387377;3;1;4322004;43;;;
Três Arroios;Rio Grande do Sul;3;81976,8;2965;0;0;0;3;4321634;43;;;
Três Barras;Santa Catarina;19;1500362,1;27981,7;0;0;0;3;4218301;42;;;
Três Barras do Paraná;Paraná;23;1572482;80445;4;0,227011637;0;3;4127858;41;;;
Três Palmeiras;Rio Grande do Sul;7;900816,6;33306,4;3;0,17213603;0;3;4321857;43;;;
Três Passos;Rio Grande do Sul;11;377344,2;18985,7;0;0;0;3;4321907;43;;;
Três de Maio;Rio Grande do Sul;26;1317855,9;34881,3;12;0,669639889;0;3;4321808;43;;;
Tubarão;Santa Catarina;4;1910655,8;26824,7;0;0;0;3;4218707;42;;;
Tuiuti;-;11;1062812,3;28570,7;6;2,871804443;0;3;0;-;;;
Tunas;Rio Grande do Sul;1;361479,9;13745,3;0;0;0;3;4322152;43;;;
Tunas do Paraná;Paraná;1;5400000;24000;0;0;0;3;4127882;41;;;
Tuneiras do Oeste;Paraná;66;13401535,4;390552,2;40;2,113632161;3;1;4127908;41;;;
Tupanci do Sul;Rio Grande do Sul;7;506198,2;10121,4;0;0;0;3;4322186;43;;;
Tupanciretã;Rio Grande do Sul;111;33941645,2;1196624,2;19;0,260004611;1;4;4322202;43;;;
Tuparendi;Rio Grande do Sul;6;588268;29457,2;2;0,08232636;0;3;4322301;43;;;
Tupãssi;Paraná;162;18268072;660156;33;0,897373158;3;4;4127957;41;;;
Turuçu;Rio Grande do Sul;4;404320,5;16781,1;0;0;0;3;4322327;43;;;
Turvo;Paraná;172;24870257,3;363357,8;20;0,308370382;3;4;4127965;41;;;
Ubiratã;Paraná;304;35379505,8;1521443,8;93;0,971598105;1;4;4128005;41;;;
Ubiretama;Rio Grande do Sul;1;7812;597,6;0;0;0;3;4322343;43;;;
Umuarama;Paraná;4;772662,1;29144,3;3;3,912051126;0;3;4128104;41;;;
Uniflor;Paraná;50;5719786;212757,2;28;2,21334317;0;1;4128302;41;;;
Unistalda;Rio Grande do Sul;6;2963684,1;114568,3;1;0,295252547;0;3;4322376;43;;;
União da Serra;Rio Grande do Sul;2;81900,4;3954;0;0;0;3;4322350;43;;;
União da Vitória;Paraná;6;669588,3;13388,7;0;0;0;3;4128203;41;;;
União do Oeste;Santa Catarina;4;142133,3;4891,1;0;0;0;3;4218855;42;;;
Uraí;Paraná;136;9152381,6;396027,9;48;1,208085906;0;1;4128401;41;;;
Urubici;Santa Catarina;65;12545566,6;735255,9;9;0,581458777;3;1;4218905;42;;;
Uruguaiana;Rio Grande do Sul;51;25164636;449878,4;10;2,585712783;3;4;4322400;43;;;
Urupema;Santa Catarina;58;8199103,7;631546,3;25;0,939824407;0;1;4218954;42;;;
Vacaria;Rio Grande do Sul;239;180919573,7;8297878,9;11;0,048677398;2;2;4322509;43;;;
Vale Real;Rio Grande do Sul;22;1275136,2;30671,3;0;0;0;3;4322541;43;;;
Vale Verde;Rio Grande do Sul;13;2723615,6;78588,9;1;0,010268465;0;3;4322525;43;;;
Vale dos Vinhedos;-;8;1377795,9;49195,5;1;0,016851851;0;3;0;-;;;
Vanini;Rio Grande do Sul;10;483912,9;17082,9;4;0,875607841;0;3;4322558;43;;;
Vargem;Santa Catarina;5;1436627,5;18517,6;0;0;0;3;4219150;42;;;
Vargeão;Santa Catarina;1;42598,8;1521,1;0;0;0;3;4219101;42;;;
Ventania;Paraná;33;10105268,1;262832,3;5;1,189465189;3;1;4128534;41;;;
Venâncio Aires;Rio Grande do Sul;10;1429931,6;17848,2;0;0;0;3;4322608;43;;;
Vera Cruz;Rio Grande do Sul;1;122850;2346,1;0;0;0;3;4322707;43;;;
Vera Cruz do Oeste;Paraná;116;12361654,2;510916,5;26;0,932376947;3;1;4128559;41;;;
Veranópolis;Rio Grande do Sul;153;13006198,3;427823,2;21;0,407523105;3;1;4322806;43;;;
Verê;Paraná;6;1804243,2;38006,8;0;0;0;3;4128609;41;;;
Vespasiano Correa;-;16;751734,2;25015,6;2;0,08789319;0;3;0;-;;;
Viamão;Rio Grande do Sul;14;4151038,6;64627,5;1;0,814408664;0;3;4323002;43;;;
Victor Graeff;Rio Grande do Sul;79;8800327,7;270523,2;23;0,25076403;0;1;4323200;43;;;
Vidal Ramos;Santa Catarina;64;7622398,1;302465,7;10;0,365352025;0;1;4219200;42;;;
Videira;Santa Catarina;106;6312519,2;439038,5;20;0,28882543;0;1;4219309;42;;;
Vila Flores;Rio Grande do Sul;18;1948475,9;60276,9;0;0;0;3;4323309;43;;;
Vila Ipiranga;-;6;511140,8;28972,9;1;0,154743174;0;3;0;-;;;
Vila Lângaro;Rio Grande do Sul;6;324013,6;12605,6;1;0,091640318;0;3;4323358;43;;;
Vila Maria;Rio Grande do Sul;5;432151,2;15164,4;2;0,287284443;0;3;4323408;43;;;
Vila Nova;-;2;175724,1;10279,9;1;0,646731541;0;3;0;-;;;
Vila Nova do Sul;Rio Grande do Sul;13;2452814,8;80021,2;0;0;0;3;4323457;43;;;
Vila Oliva;-;31;8713088,8;544740,1;8;0,841893721;0;1;0;-;;;
Vila Seca;-;13;1386870,2;69654,9;0;0;0;3;0;-;;;
Virmond;Paraná;10;575025,7;16248,7;1;0,349979971;0;3;4128658;41;;;
Vista Alegre do Prata;Rio Grande do Sul;1;90000;2931,4;0;0;0;3;4323606;43;;;
Vitor Meireles;Santa Catarina;2;59100;3380,2;0;0;0;3;4219358;42;;;
Vitorino;Paraná;21;1970431,4;73976,3;8;1,680578451;0;3;4128708;41;;;
Vitória das Missões;Rio Grande do Sul;1;324544;11116,6;0;0;0;3;4323754;43;;;
Várzea;-;1;40000;3132;0;0;0;3;0;-;;;
Warta;-;1;51490;2978,5;1;6,954418408;0;3;0;-;;;
Wenceslau Braz;Paraná;37;4666409,7;123253,2;6;0,158720952;0;3;4128500;41;;;
Xangri-Lá;Rio Grande do Sul;1;575000;6138,1;0;0;0;3;4323804;43;;;
Xanxerê;Santa Catarina;25;4052906,6;119643,2;0;0;0;3;4219507;42;;;
Xaxim;Santa Catarina;6;282992,1;14042,3;0;0;0;3;4219705;42;;;
Zortéa;Santa Catarina;9;1090090;9468,9;0;0;0;3;4219853;42;;;
Água Boa;-;1;39600;876,7;0;0;0;3;0;-;;;
Água Doce;Santa Catarina;18;11394245,2;490987,6;4;0,284359015;3;1;4200408;42;;;
Água Santa;Rio Grande do Sul;6;781111,5;14238,6;2;0,443305042;0;3;4300059;43;;;
Águas Claras;-;3;1927326,4;23757,8;0;0;0;3;0;-;;;
Áurea;Rio Grande do Sul;2;80967,8;2914,8;0;0;0;3;4301552;43;;;
Ângulo;Paraná;96;9271481,4;369535,8;39;1,496140038;3;1;4101150;41;;;
